,Unnamed: 0,PROPERTY LEVEL LATITUDE,PROPERTY LEVEL LONGITUDE,ORIGINAL APN,ind,address,type,delivery_point_barcode,record_type,rdi,dpv_match_code,dpv_footnotes,footnotes,1br_rent_estimate,search_radius,1br_affordable_75,1br_affordable_80,1br_affordable_85,1br_affordable_90,1br_affordable_95,1br_affordable_100
0,0,42.782521,-85.502569,41-23-33-101-001,0.0,"10010 Crossroads Ct, Caledonia, MI 49316, USA",premise,493168000000.0,H,Residential,D,AAN1,H#L#M#,1305,1.5,1,1,1,1,1,1
1,1,42.786286,-85.509398,41-23-29-476-028,0.0,"301 S Maple St SE, Caledonia, MI 49316, USA",street_address,493169000000.0,H,Residential,D,AAN1,H#,1305,1.5,1,1,1,1,1,1
2,2,42.789451,-85.514409,41-23-29-403-004,0.0,"203 E Main St SE, Caledonia, MI 49316, USA",beauty_salon,493167000000.0,H,Residential,D,AAN1,H#,1305,1.5,1,1,1,1,1,1
3,3,42.79047,-85.513271,41-23-29-254-009,0.0,"303 Emmons St SE, Caledonia, MI 49316, USA",premise,493167000000.0,H,Residential,D,AAN1,H#,1305,1.5,1,1,1,1,1,1
4,4,42.812479,-85.67151,41-21-13-400-065,0.0,"325 84th St SW, Byron Center, MI 49315, USA",premise,493159000000.0,H,Residential,D,AAN1,H#,908,1.5,0,0,0,0,0,0
5,5,42.813725,-85.714827,41-21-15-376-014,0.0,"2115 84th St SW Ste A, Byron Center, MI 49315, USA",establishment,493159000000.0,H,Residential,Y,AABB,N#,1034,1.5,1,1,0,0,0,0
6,6,42.827619,-85.66024,41-22-07-353-057,0.0,"146 Lurie St SE, Kentwood, MI 49548, USA",street_address,495488000000.0,H,Residential,D,AAN1,H#,908,1.5,0,0,0,0,0,0
7,7,42.830008,-85.65979200000002,41-22-07-305-053,0.0,"146 Coleman St SE, Grand Rapids, MI 49548, USA",premise,495488000000.0,H,Residential,D,AAN1,H#,908,1.5,0,0,0,0,0,0
8,8,42.830009,-85.660622,41-22-07-305-052,0.0,"116 Coleman St SE, Grand Rapids, MI 49548, USA",premise,495488000000.0,H,Residential,D,AAN1,H#,908,1.5,0,0,0,0,0,0
9,9,42.835228,-85.625201,41-22-08-276-005,0.0,"7115 Kalamazoo Ave SE, Caledonia, MI 49316, USA",street_address,493169000000.0,H,Residential,D,AAN1,H#,1305,1.5,1,1,1,1,1,1
10,10,42.837326,-85.694676,41-21-11-126-001,0.0,"7032 Marshwood Dr SW, Byron Center, MI 49315, USA",street_address,493159000000.0,H,Residential,D,AAN1,H#,930,1.5,0,0,0,0,0,0
11,11,42.850218,-85.57494799999998,41-22-02-201-002,0.0,"3638 Cobblefield Cir, Caledonia, MI 49316, USA",street_address,493169000000.0,H,Residential,D,AAN1,H#L#,1413,1.5,1,1,1,1,1,1
12,12,42.850957,-85.64064599999998,41-22-05-151-010,0.0,"960 Woodfield E Dr SE, Grand Rapids, MI 49508, USA",street_address,495087000000.0,H,Residential,D,AAN1,H#N#,1034,1.5,1,1,0,0,0,0
13,13,42.854217,-85.65050500000002,41-22-06-200-060,0.0,"560 60th St SE, Grand Rapids, MI 49548, USA",street_address,495487000000.0,H,Residential,D,AAN1,H#,1413,1.5,1,1,1,1,1,1
14,14,42.858265,-85.725425,41-17-33-427-044,0.0,"5892 Bayberry Farms Dr SW, Wyoming, MI 49418, USA",street_address,494189000000.0,H,Residential,D,AAN1,H#,930,1.5,0,0,0,0,0,0
15,15,42.861409,-85.648313,41-18-31-427-003,0.0,"670 56th St SE, Kentwood, MI 49548, USA",premise,495481000000.0,H,Residential,D,AAN1,H#,1034,1.5,1,1,0,0,0,0
16,16,42.861628,-85.649314,41-18-31-427-001,0.0,"620 56th St SE, Kentwood, MI 49548, USA",street_address,495486000000.0,H,Residential,D,AAN1,H#,1034,1.5,1,1,0,0,0,0
17,17,42.861736,-85.71144,41-17-34-401-005,0.0,"1987 Parkcrest Dr SW, Wyoming, MI 49519, USA",street_address,495199000000.0,H,Residential,D,AAN1,H#,1000,1.5,1,0,0,0,0,0
18,18,42.861788,-85.648306,41-18-31-427-002,0.0,"660 56th St SE, Kentwood, MI 49548, USA",premise,495481000000.0,H,Residential,D,AAN1,H#,1034,1.5,1,1,0,0,0,0
19,19,42.861831,-85.726034,41-17-33-427-015,0.0,"2520 56th St SW, Wyoming, MI 49418, USA",street_address,494188000000.0,H,Residential,D,AAN1,H#,930,1.5,0,0,0,0,0,0
20,20,42.864613,-85.660744,41-18-31-103-078,0.0,"150 Kellogg Woods Park Dr SE, Grand Rapids, MI 49548, USA",street_address,495481000000.0,H,Residential,D,AAN1,H#,1000,1.5,1,0,0,0,0,0
21,21,42.865131,-85.56795600000002,41-18-35-276-007,0.0,"3928 N Rosebud Dr, Kentwood, MI 49512, USA",street_address,495129000000.0,H,Residential,D,AAN1,H#L#,1413,1.5,1,1,1,1,1,1
22,22,42.867314,-85.660724,41-18-31-103-070,0.0,"5220 Kellogg Woods Dr SE, Kentwood, MI 49548, USA",street_address,495481000000.0,H,Residential,D,AAN1,H#,1000,1.5,1,0,0,0,0,0
23,23,42.872824,-85.66544300000002,41-17-25-477-014,0.0,"42 50th St SW, Grand Rapids, MI 49548, USA",street_address,495486000000.0,H,Residential,D,AAN1,H#,1000,1.5,1,0,0,0,0,0
24,24,42.874656,-85.612234,41-18-28-401-012,0.0,"2135 Sandy Shore Dr SE, Kentwood, MI 49508, USA",street_address,495085000000.0,H,Residential,D,AAN1,H#,1413,1.5,1,1,1,1,1,1
25,25,42.875342,-85.72935600000002,41-17-28-401-008,0.0,"2600 Woodlake Rd SW, Wyoming, MI 49519, USA",street_address,495195000000.0,H,Residential,D,AAN1,H#,1000,1.5,1,0,0,0,0,0
26,26,42.87551,-85.74189100000002,41-17-28-301-003,0.0,"4930 Ivanrest Ave SW, Wyoming, MI 49418, USA",street_address,494189000000.0,H,Residential,D,AAN1,H#,1000,1.5,1,0,0,0,0,0
27,27,42.87591,-85.59906600000002,41-18-27-327-001,0.0,"4844 Breton Rd SE, Kentwood, MI 49508, USA",street_address,495085000000.0,H,Residential,D,AAN1,H#,1413,1.5,1,1,1,1,1,1
28,28,42.877068,-85.644566,41-18-29-155-027,0.0,"4738 Eastern Ave SE, Grand Rapids, MI 49508, USA",street_address,495088000000.0,H,Residential,D,AAN1,H#,1298,1.5,1,1,1,1,1,1
29,29,42.87745,-85.60461,41-18-27-170-001,0.0,"4735 N Breton Ct SE, Kentwood, MI 49508, USA",street_address,495085000000.0,H,Residential,D,AAN1,H#,1413,1.5,1,1,1,1,1,1
30,30,42.877557,-85.617056,41-18-28-194-022,0.0,"4723 Circle Shore Dr SE, Kentwood, MI 49508, USA",street_address,495081000000.0,H,Residential,D,AAN1,H#,1298,1.5,1,1,1,1,1,1
31,31,42.878408,-85.597514,41-18-27-176-005,0.0,"4751 Walma Ave SE, Kentwood, MI 49512, USA",street_address,495125000000.0,H,Residential,D,AAN1,H#,1413,1.5,1,1,1,1,1,1
32,32,42.878463,-85.607371,41-18-28-226-020,0.0,"4703 Drummond Blvd SE, Kentwood, MI 49508, USA",street_address,495081000000.0,H,Residential,D,AAN1,H#,1413,1.5,1,1,1,1,1,1
33,33,42.879298,-85.602575,41-18-27-155-002,0.0,"4634 N Breton Ct SE, Kentwood, MI 49508, USA",street_address,495088000000.0,H,Residential,D,AAN1,H#,1413,1.5,1,1,1,1,1,1
34,34,42.87951500000001,-85.644712,41-18-29-156-001,0.0,"4650 Eastern Ave SE, Kentwood, MI 49508, USA",street_address,495088000000.0,H,Residential,D,AAN1,H#,1298,1.5,1,1,1,1,1,1
35,35,42.881625,-85.770042,41-17-30-232-001,0.0,"4325 Wimbledon Dr, Grandville, MI 49418, USA",street_address,494183000000.0,H,Residential,D,AAN1,H#L#,1000,1.5,1,0,0,0,0,0
36,36,42.881757,-85.621347,41-18-28-125-003,0.0,"4520 Bowen Blvd SE, Kentwood, MI 49508, USA",premise,495085000000.0,H,Residential,D,AAN1,H#,1298,1.5,1,1,1,1,1,1
37,37,42.881881,-85.70979,41-17-27-201-016,0.0,"1790 R W Berends Drive Southwest, Wyoming, MI 49519, USA",street_address,495195000000.0,H,Residential,D,AAN1,H#N#,1000,1.5,1,0,0,0,0,0
38,38,42.882081,-85.70665600000002,41-17-27-226-015,0.0,"1650 R W Berends Drive Southwest, Wyoming, MI 49519, USA",street_address,495195000000.0,H,Residential,D,AAN1,H#N#,1000,1.5,1,0,0,0,0,0
39,39,42.882657,-85.598497,41-18-27-126-012,0.0,"2718 44th St SE, Kentwood, MI 49512, USA",premise,495124000000.0,H,Residential,D,AAN1,H#,1413,1.5,1,1,1,1,1,1
40,40,42.88304,-85.70083699999998,41-17-26-101-054,0.0,"1490 44th St SW, Wyoming, MI 49509, USA",premise,495094000000.0,H,Residential,D,AAN1,H#,1000,1.5,1,0,0,0,0,0
41,41,42.883116,-85.702687,41-17-26-101-021,0.0,"1540 44th St SW, Wyoming, MI 49509, USA",premise,495094000000.0,H,Residential,D,AAN1,H#,1000,1.5,1,0,0,0,0,0
42,42,42.883127,-85.70207099999998,41-17-26-101-085,0.0,"1536 44th St SW, Wyoming, MI 49509, USA",premise,495094000000.0,H,Residential,D,AAN1,H#,1000,1.5,1,0,0,0,0,0
43,43,42.883255,-85.647609,41-18-30-227-063,0.0,"702 44th St SE, Kentwood, MI 49548, USA",street_address,495488000000.0,H,Residential,D,AAN1,H#,1298,1.5,1,1,1,1,1,1
44,44,42.883276,-85.703296,41-17-26-101-083,0.0,"1550 44th St SW, Wyoming, MI 49509, USA",street_address,495094000000.0,H,Residential,D,AAN1,H#,1000,1.5,1,0,0,0,0,0
45,45,42.883385,-85.701463,41-17-26-101-062,0.0,"1536 44th St SW, Wyoming, MI 49509, USA",premise,495094000000.0,H,Residential,D,AAN1,H#,1000,1.5,1,0,0,0,0,0
46,46,42.883532,-85.700337,41-17-26-101-077,0.0,"1446 44th St SW, Wyoming, MI 49509, USA",street_address,495094000000.0,H,Residential,D,AAN1,H#,1000,1.5,1,0,0,0,0,0
47,47,42.88399,-85.700906,41-17-26-101-075,0.0,"1474 44th St SW, Wyoming, MI 49509, USA",street_address,495094000000.0,H,Residential,D,AAN1,H#,1000,1.5,1,0,0,0,0,0
48,48,42.884439,-85.627848,41-18-20-481-006,0.0,"4350 Norman Dr SE, Grand Rapids, MI 49508, USA",street_address,495089000000.0,H,Residential,D,AAN1,H#,1298,1.5,1,1,1,1,1,1
49,49,42.884962,-85.624533,41-18-21-352-024,0.0,"4320 Kalamazoo Ave SE, Grand Rapids, MI 49508, USA",establishment,495086000000.0,H,Residential,D,AAN1,H#,1298,1.5,1,1,1,1,1,1
50,50,42.885054,-85.700307,41-17-23-355-041,0.0,"1433 44th St SW, Wyoming, MI 49509, USA",street_address,495094000000.0,H,Residential,D,AAN1,H#,1000,5.0,1,0,0,0,0,0
51,51,42.885488,-85.604908,41-18-22-351-011,0.0,"4352 Breton Rd SE, Kentwood, MI 49512, USA",establishment,495129000000.0,H,Residential,D,AAN1,H#,1413,5.0,1,1,1,1,1,1
52,52,42.88664,-85.73493,41-17-21-376-014,0.0,"4252 Turtle Bend Dr SW, Grandville, MI 49418, USA",street_address,494183000000.0,H,Residential,D,AAN1,H#,1000,5.0,1,0,0,0,0,0
53,53,42.88718,-85.62919699999998,41-18-20-478-012,0.0,"1450 42nd St SE, Grand Rapids, MI 49508, USA",premise,495084000000.0,H,Residential,D,AAN1,H#,1298,5.0,1,1,1,1,1,1
54,54,42.88728,-85.627382,41-18-20-478-003,0.0,"1520 42nd St SE, Grand Rapids, MI 49508, USA",premise,495084000000.0,H,Residential,D,AAN1,H#,1298,5.0,1,1,1,1,1,1
55,55,42.887288,-85.628375,41-18-20-478-002,0.0,"1500 42nd St SE, Grand Rapids, MI 49508, USA",establishment,495084000000.0,H,Residential,D,AAN1,H#,1298,5.0,1,1,1,1,1,1
56,56,42.887389,-85.600576,41-18-22-328-015,0.0,"4155 Nature Trail Dr SE, Kentwood, MI 49512, USA",premise,495129000000.0,H,Residential,D,AAN1,H#,1413,5.0,1,1,1,1,1,1
57,57,42.887532,-85.732427,41-17-21-451-038,0.0,"4249 Crooked Tree Rd SW, Wyoming, MI 49519, USA",street_address,495197000000.0,H,Residential,D,AAN1,H#,1000,5.0,1,0,0,0,0,0
58,58,42.888054,-85.685197,41-17-23-476-039,0.0,"4163 Clyde Park Ave SW, Wyoming, MI 49509, USA",premise,495095000000.0,H,Residential,D,AAN1,H#,1000,5.0,1,0,0,0,0,0
59,59,42.888124,-85.775244,41-17-19-376-019,0.0,"4401 Heritage Ct SW, Grandville, MI 49418, USA",street_address,494183000000.0,H,Residential,D,AAN1,H#,1000,5.0,1,0,0,0,0,0
60,60,42.888385,-85.630444,41-18-20-431-007,0.0,"4142 Oak Park Dr SE, Grand Rapids, MI 49508, USA",premise,495087000000.0,H,Residential,D,AAN1,H#,1298,5.0,1,1,1,1,1,1
61,61,42.888762,-85.63070400000002,41-18-20-430-012,0.0,"4130 Oak Park Dr SE, Grand Rapids, MI 49508, USA",establishment,495084000000.0,H,Residential,D,AAN1,H#,1298,5.0,1,1,1,1,1,1
62,62,42.889205,-85.631563,41-18-20-430-007,0.0,"1350 Kendall St SE, Grand Rapids, MI 49508, USA",establishment,495084000000.0,H,Residential,D,AAN1,H#,1298,5.0,1,1,1,1,1,1
63,63,42.889421,-85.734105,41-17-21-326-006,0.0,"4129 Pine Creek Rd SW, Grandville, MI 49418, USA",street_address,494183000000.0,H,Residential,D,AAN1,H#,1000,5.0,1,0,0,0,0,0
64,64,42.88985,-85.63537,41-18-20-401-018,0.0,"4061-4093 Tangle Cir Dr SE, Grand Rapids, MI 49508, USA",establishment,495084000000.0,H,Residential,S,AACC,N#S#,1413,5.0,1,1,1,1,1,1
65,65,42.890187,-85.632355,41-18-20-428-012,0.0,"1340 Blossom St SE, Grand Rapids, MI 49508, USA",premise,495084000000.0,H,Residential,D,AAN1,H#,1298,5.0,1,1,1,1,1,1
66,66,42.89042,-85.624325,41-18-21-301-031,0.0,"4024 Kalamazoo Ave SE, Kentwood, MI 49508, USA",street_address,495084000000.0,H,Residential,D,AAN1,H#,1413,5.0,1,1,1,1,1,1
67,67,42.89164,-85.597592,41-18-22-178-003,0.0,"2772 Pfeiffer Woods Dr SE, Kentwood, MI 49512, USA",premise,495129000000.0,H,Residential,D,AAN1,H#,1413,5.0,1,1,1,1,1,1
68,68,42.89301500000001,-85.68134,41-17-24-153-021,0.0,"3920 Clyde Park Ave SW, Wyoming, MI 49509, USA",premise,495095000000.0,H,Residential,D,AAN1,H#,1245,5.0,1,1,1,1,1,0
69,69,42.894384,-85.781297,41-17-19-153-020,0.0,"3880 Kenowa Ave SW, Grandville, MI 49418, USA",premise,494183000000.0,H,Residential,D,AAN1,H#,1000,5.0,1,0,0,0,0,0
70,70,42.897525,-85.688008,41-17-23-226-044,0.0,"3624 Pine Oak Ave SW, Wyoming, MI 49509, USA",street_address,495094000000.0,H,Residential,D,AAN1,H#,1000,5.0,1,0,0,0,0,0
71,71,42.897544,-85.681253,41-17-24-102-036,0.0,"640 36th St SW, Wyoming, MI 49509, USA",establishment,495095000000.0,H,Residential,D,AAN1,H#,1000,5.0,1,0,0,0,0,0
72,72,42.897871,-85.690484,41-17-23-205-010,0.0,"3644 Dunbar Ave SW, Wyoming, MI 49509, USA",street_address,495094000000.0,H,Residential,D,AAN1,H#,1000,5.0,1,0,0,0,0,0
73,73,42.898621,-85.699126,41-17-23-126-008,0.0,"1390 36th St SW, Grand Rapids, MI 49509, USA",street_address,495093000000.0,H,Residential,D,AAN1,H#,1000,5.0,1,0,0,0,0,0
74,74,42.898835,-85.72614200000002,41-17-21-226-098,0.0,"2410 36th St SW, Grand Rapids, MI 49519, USA",street_address,495193000000.0,H,Residential,D,AAN1,H#,1000,5.0,1,0,0,0,0,0
75,75,42.899425,-85.690926,41-17-14-455-001,0.0,"1009 36th St SW, Wyoming, MI 49509, USA",street_address,495094000000.0,H,Residential,D,AAN1,H#,1000,5.0,1,0,0,0,0,0
76,76,42.89950200000001,-85.566857,41-18-13-352-001,0.0,"3512 E Paris Ave S E, Kentwood, MI 49512, USA",street_address,495123000000.0,H,Residential,D,AAN1,H#N#,971,5.0,1,0,0,0,0,0
77,77,42.899535,-85.692727,41-17-14-453-026,0.0,"1111 36th St SW, Wyoming, MI 49509, USA",premise,495097000000.0,H,Residential,D,AAN1,H#,1000,5.0,1,0,0,0,0,0
78,78,42.89974,-85.692052,41-17-14-453-047,0.0,"1075 36th St SW, Wyoming, MI 49509, USA",premise,495097000000.0,H,Residential,D,AAN1,H#,1000,5.0,1,0,0,0,0,0
79,79,42.900063,-85.664959,41-18-18-353-045,0.0,"3524 Division Ave S, Grand Rapids, MI 49548, USA",premise,495482000000.0,H,Residential,D,AAN1,H#,1000,5.0,1,0,0,0,0,0
80,80,42.90155,-85.559728,41-18-13-376-001,0.0,"4325 Forest Way Dr SE, Kentwood, MI 49512, USA",street_address,495123000000.0,H,Residential,D,AAN1,H#N#,1019,5.0,1,1,0,0,0,0
81,81,42.901586,-85.56349499999997,41-18-13-351-005,0.0,"4260 Forest Creek Ct SE, Grand Rapids, MI 49512, USA",street_address,495123000000.0,H,Residential,D,AAN1,H#,1019,5.0,1,1,0,0,0,0
82,82,42.90179000000001,-85.678923,41-17-13-354-017,0.0,"550 34th St SW, Wyoming, MI 49509, USA",street_address,495093000000.0,H,Residential,D,AAN1,H#,1000,5.0,1,0,0,0,0,0
83,83,42.901952,-85.678205,41-17-13-354-018,0.0,"540 34th St SW, Wyoming, MI 49509, USA",establishment,495093000000.0,H,Residential,D,AAN1,H#,1000,5.0,1,0,0,0,0,0
84,84,42.901972,-85.679592,41-17-13-354-016,0.0,"570 34th St SW, Wyoming, MI 49509, USA",premise,495093000000.0,H,Residential,D,AAN1,H#,1000,5.0,1,0,0,0,0,0
85,85,42.902494,-85.681282,41-17-13-304-055,0.0,"3475 Woodward Ave SW, Wyoming, MI 49509, USA",establishment,495097000000.0,H,Residential,D,AAN1,H#,1000,5.0,1,0,0,0,0,0
86,86,42.90289600000001,-85.724138,41-17-15-351-001,0.0,"2371 Barberry Dr SW, Wyoming, MI 49519, USA",premise,495193000000.0,H,Residential,D,AAN1,H#L#,1000,5.0,1,0,0,0,0,0
87,87,42.902982,-85.64350400000002,41-18-17-351-023,0.0,"924 Pastiche Dr SE, Grand Rapids, MI 49508, USA",street_address,495082000000.0,H,Residential,D,AAN1,H#,1000,5.0,1,0,0,0,0,0
88,88,42.903393,-85.723798,41-17-15-302-014,0.0,"3380 Byron Center Ave SW, Wyoming, MI 49519, USA",premise,495193000000.0,H,Residential,D,AAN1,H#,1000,5.0,1,0,0,0,0,0
89,89,42.903422,-85.72520899999998,41-17-16-426-039,0.0,"3395 Byron Center Ave SW, Wyoming, MI 49519, USA",premise,495193000000.0,H,Residential,D,AAN1,H#,1000,5.0,1,0,0,0,0,0
90,90,42.90375,-85.598876,41-18-15-326-009,0.0,"2743 Castle Bluff Ct SE, Kentwood, MI 49512, USA",street_address,495128000000.0,H,Residential,D,AAN1,H#,1413,5.0,1,1,1,1,1,1
91,91,42.90397100000001,-85.590489,41-18-15-476-009,0.0,"3268 Coach Ln SE, Kentwood, MI 49512, USA",street_address,495128000000.0,H,Residential,D,AAN1,H#,1176,5.0,1,1,1,1,0,0
92,92,42.904076,-85.68255400000002,41-17-13-303-037,0.0,"3295 Woodward Ave SW, Wyoming, MI 49509, USA",premise,495093000000.0,H,Residential,D,AAN1,H#,1000,5.0,1,0,0,0,0,0
93,93,42.90412,-85.560046,41-18-13-326-002,0.0,"3326 Pine Meadow Dr SE, Kentwood, MI 49512, USA",street_address,495123000000.0,H,Residential,D,AAN1,H#,1019,5.0,1,1,0,0,0,0
94,94,42.904687,-85.723761,41-17-15-301-018,0.0,"3320 Byron Center Ave SW, Wyoming, MI 49519, USA",premise,495196000000.0,H,Residential,D,AAN1,H#,1000,5.0,1,0,0,0,0,0
95,95,42.905042,-85.68259499999998,41-17-13-303-042,0.0,"3255 Woodward Ave SW, Wyoming, MI 49509, USA",premise,495093000000.0,H,Residential,D,AAN1,H#,1000,5.0,1,0,0,0,0,0
96,96,42.905358,-85.682608,41-17-13-303-041,0.0,"3239 Woodward Ave SW, Wyoming, MI 49509, USA",premise,495093000000.0,H,Residential,D,AAN1,H#,1000,5.0,1,0,0,0,0,0
97,97,42.9056,-85.582722,41-18-14-176-002,0.0,"3411 32nd St SE, Kentwood, MI 49512, USA",street_address,495122000000.0,H,Residential,D,AAN1,H#,1133,5.0,1,1,1,0,0,0
98,98,42.907126,-85.723276,41-17-15-151-028,0.0,"2341 Prairie Pkwy SW, Wyoming, MI 49519, USA",premise,495193000000.0,H,Residential,D,AAN1,H#,1000,5.0,1,0,0,0,0,0
99,99,42.908273,-85.712103,41-17-15-254-001,0.0,"1880 Prairie Pkwy SW, Wyoming, MI 49519, USA",premise,495193000000.0,H,Residential,D,AAN1,H#,1000,5.0,1,0,0,0,0,0
100,100,42.908631,-85.723481,41-17-15-151-016,0.0,"3026 Byron Center Ave SW, Wyoming, MI 49519, USA",street_address,495196000000.0,H,Residential,D,AAN1,H#,1000,5.0,1,0,0,0,0,0
101,101,42.908918,-85.713571,41-17-15-251-033,0.0,"1945 Prairie Pkwy SW, Wyoming, MI 49519, USA",street_address,495195000000.0,H,Residential,D,AAN1,H#,1000,5.0,1,0,0,0,0,0
102,102,42.909131,-85.721013,41-17-15-151-029,0.0,"3060 Waterchase Way SW, Wyoming, MI 49519, USA",street_address,495196000000.0,H,Residential,D,AAN1,H#,1000,3.0,1,0,0,0,0,0
103,103,42.909174,-85.71030400000002,41-17-15-253-011,0.0,"1833 Prairie Pkwy SW, Wyoming, MI 49519, USA",street_address,495193000000.0,H,Residential,D,AAN1,H#,890,3.0,0,0,0,0,0,0
104,104,42.90932100000001,-85.63447,41-18-17-201-027,0.0,"2951 Vineland Ave SE, Grand Rapids, MI 49508, USA",premise,495081000000.0,H,Residential,D,AAN1,H#,1245,3.0,1,1,1,1,1,0
105,105,42.910013,-85.723342,41-17-15-103-026,0.0,"2350 30th St SW, Wyoming, MI 49519, USA",premise,495193000000.0,H,Residential,D,AAN1,H#,1000,3.0,1,0,0,0,0,0
106,106,42.910196,-85.696184,41-17-14-176-003,0.0,"1230 Prairie Pkwy SW, Wyoming, MI 49509, USA",premise,495093000000.0,H,Residential,D,AAN1,H#,1000,3.0,1,0,0,0,0,0
107,107,42.9102,-85.696826,41-17-14-176-002,0.0,"1250 Prairie Pkwy SW, Wyoming, MI 49509, USA",premise,495093000000.0,H,Residential,D,AAN1,H#,1000,3.0,1,0,0,0,0,0
108,108,42.910205,-85.697467,41-17-14-176-001,0.0,"1270 Prairie Pkwy SW, Wyoming, MI 49509, USA",premise,495093000000.0,H,Residential,D,AAN1,H#,1000,3.0,1,0,0,0,0,0
109,109,42.910531,-85.72413399999998,41-17-15-103-022,0.0,"2365 30th St SW, Wyoming, MI 49519, USA",street_address,495197000000.0,H,Residential,D,AAN1,H#,1000,3.0,1,0,0,0,0,0
110,110,42.911056,-85.723506,41-17-15-103-023,0.0,"2355 30th St SW, Wyoming, MI 49519, USA",street_address,495196000000.0,H,Residential,D,AAN1,H#,1000,3.0,1,0,0,0,0,0
111,111,42.911061,-85.722891,41-17-15-103-024,0.0,"2323 30th St SW, Wyoming, MI 49519, USA",street_address,495193000000.0,H,Residential,D,AAN1,H#,1000,3.0,1,0,0,0,0,0
112,112,42.911063,-85.725687,41-17-16-226-026,0.0,"2903 Byron Center Ave SW, Wyoming, MI 49519, USA",street_address,495192000000.0,H,Residential,D,AAN1,H#,1000,3.0,1,0,0,0,0,0
113,113,42.911217,-85.75265999999998,41-17-17-203-048,0.0,"2938 Earle Ave SW, Grandville, MI 49418, USA",street_address,494183000000.0,H,Residential,D,AAN1,H#,1000,3.0,1,0,0,0,0,0
114,114,42.911321,-85.751737,41-17-17-203-051,0.0,"2928 Earle Ave SW, Grandville, MI 49418, USA",premise,494183000000.0,H,Residential,D,AAN1,H#,1000,3.0,1,0,0,0,0,0
115,115,42.911394,-85.644317,41-18-17-102-009,0.0,"2860 Marshall Ave SE, Grand Rapids, MI 49508, USA",street_address,495081000000.0,H,Residential,D,AAN1,H#,1000,3.0,1,0,0,0,0,0
116,116,42.911409,-85.763852,41-17-18-233-007,0.0,"2905 Wilson Ave SW, Grandville, MI 49418, USA",atm,494181000000.0,H,Residential,D,AAN1,H#,1000,3.0,1,0,0,0,0,0
117,117,42.911701,-85.708881,41-17-15-226-068,0.0,"2827 Oak Valley Ave SW, Wyoming, MI 49519, USA",street_address,495193000000.0,H,Residential,D,AAN1,H#,890,3.0,0,0,0,0,0,0
118,118,42.911725,-85.752992,41-17-17-203-002,0.0,"3580 Marine St SW, Grandville, MI 49418, USA",premise,494181000000.0,H,Residential,D,AAN1,H#,1000,3.0,1,0,0,0,0,0
119,119,42.911742,-85.721362,41-17-15-102-035,0.0,"2252 29th St SW, Wyoming, MI 49519, USA",street_address,495193000000.0,H,Residential,D,AAN1,H#,1000,3.0,1,0,0,0,0,0
120,120,42.911962,-85.70760899999998,41-17-15-226-054,0.0,"2880 Oak Valley Ave SW, Wyoming, MI 49519, USA",premise,495195000000.0,H,Residential,D,AAN1,H#,890,3.0,0,0,0,0,0,0
121,121,42.912369,-85.711067,41-17-15-203-023,0.0,"2872 Taft Ave SW, Wyoming, MI 49519, USA",premise,495197000000.0,H,Residential,D,AAN1,H#,890,3.0,0,0,0,0,0,0
122,122,42.912449,-85.762949,41-17-17-104-011,0.0,"2866 Wilson Ave SW, Wyoming, MI 49418, USA",street_address,494181000000.0,H,Residential,D,AAN1,H#,1000,3.0,1,0,0,0,0,0
123,123,42.912452,-85.712049,41-17-15-202-023,0.0,"2875 Taft Ave SW, Wyoming, MI 49519, USA",premise,495193000000.0,H,Residential,D,AAN1,H#,1000,3.0,1,0,0,0,0,0
124,124,42.912846,-85.711087,41-17-15-203-022,0.0,"2860 Taft Ave SW, Wyoming, MI 49519, USA",establishment,495193000000.0,H,Residential,D,AAN1,H#,890,3.0,0,0,0,0,0,0
125,125,42.912962,-85.71207199999998,41-17-15-202-035,0.0,"2855 Taft Ave SW, Grand Rapids, MI 49519, USA",street_address,495193000000.0,H,Residential,D,AAN1,H#,890,3.0,0,0,0,0,0,0
126,126,42.912995,-85.749305,41-17-17-226-006,0.0,"3393 Wallace Ct SW, Grandville, MI 49418, USA",premise,494183000000.0,H,Residential,D,AAN1,H#,1000,3.0,1,0,0,0,0,0
127,127,42.913727,-85.683586,41-17-12-352-041,0.0,"705 28th St SW, Wyoming, MI 49509, USA",establishment,495093000000.0,H,Residential,D,AAN1,H#,1000,3.0,1,0,0,0,0,0
128,128,42.91441,-85.497163,41-19-09-451-028,0.0,"2765 Orange Ave SE, Grand Rapids, MI 49546, USA",premise,495467000000.0,H,Residential,D,AAN1,H#,1389,3.0,1,1,1,1,1,1
129,129,42.914459,-85.697509,41-17-11-377-055,0.0,"2721 Madelyn Dr SW, Wyoming, MI 49509, USA",premise,495092000000.0,H,Residential,D,AAN1,H#,900,3.0,0,0,0,0,0,0
130,130,42.914486,-85.69678499999998,41-17-11-377-056,0.0,"2721 Madelyn Dr SW, Wyoming, MI 49509, USA",premise,495092000000.0,H,Residential,D,AAN1,H#,900,3.0,0,0,0,0,0,0
131,131,42.914506,-85.686093,41-17-11-481-023,0.0,"2725 Clyde Park Ave SW, Wyoming, MI 49509, USA",premise,495092000000.0,H,Residential,D,AAN1,H#,1000,3.0,1,0,0,0,0,0
132,132,42.914628,-85.680515,41-17-12-376-026,0.0,"2710 Noel Ave SW, Wyoming, MI 49509, USA",premise,495092000000.0,H,Residential,D,AAN1,H#,1000,3.0,1,0,0,0,0,0
133,133,42.91483,-85.57852199999998,41-18-11-376-036,0.0,"3665 28th St SE, Grand Rapids, MI 49512, USA",establishment,495122000000.0,H,Residential,D,AAN1,LI#H#,1133,3.0,1,1,1,0,0,0
134,134,42.914865,-85.60310799999998,41-18-10-377-036,0.0,"2624 Woodmeadow Dr SE, Grand Rapids, MI 49546, USA",premise,495468000000.0,H,Residential,D,AAN1,H#,1133,3.0,1,1,1,0,0,0
135,135,42.914925,-85.685118,41-17-12-351-029,0.0,"2700 Clyde Park Ave SW, Wyoming, MI 49509, USA",street_address,495092000000.0,H,Residential,D,AAN1,H#,1000,3.0,1,0,0,0,0,0
136,136,42.915163,-85.710844,41-17-10-476-021,0.0,"2708 Meyer Ave SW, Wyoming, MI 49519, USA",street_address,495192000000.0,H,Residential,D,AAN1,H#,890,3.0,0,0,0,0,0,0
137,137,42.915255,-85.682912,41-17-12-353-088,0.0,"2680 Woodward Ave SW, Wyoming, MI 49509, USA",premise,495092000000.0,H,Residential,D,AAN1,H#,1000,3.0,1,0,0,0,0,0
138,138,42.915303,-85.682425,41-17-12-353-114,0.0,"2651 Longstreet Ave SW, Wyoming, MI 49509, USA",street_address,495097000000.0,H,Residential,D,AAN1,H#,1000,3.0,1,0,0,0,0,0
139,139,42.915993,-85.683686,41-17-12-352-021,0.0,"2633 Woodward Ave SW, Wyoming, MI 49509, USA",premise,495092000000.0,H,Residential,D,AAN1,H#,1000,3.0,1,0,0,0,0,0
140,140,42.916451,-85.618535,41-18-09-326-006,0.0,"2000 Saginaw Rd SE, Grand Rapids, MI 49506, USA",establishment,495068000000.0,H,Residential,D,AAN1,H#,1375,3.0,1,1,1,1,1,1
141,141,42.918452,-85.575976,41-18-11-401-004,0.0,"3706 Camelot Ct SE, Grand Rapids, MI 49546, USA",street_address,495466000000.0,H,Residential,D,AAN1,H#L#,1133,3.0,1,1,1,0,0,0
142,142,42.918746,-85.573658,41-18-11-401-006,0.0,"3816 Camelot Dr SE, Grand Rapids, MI 49546, USA",premise,495466000000.0,H,Residential,D,AAN1,H#,1029,3.0,1,1,0,0,0,0
143,143,42.919302,-85.68556099999998,41-17-12-301-073,0.0,"2444 Clyde Park Ave SW, Wyoming, MI 49509, USA",premise,495092000000.0,H,Residential,D,AAN1,H#,900,3.0,0,0,0,0,0,0
144,144,42.91968,-85.562599,41-18-12-326-001,0.0,"4256 Oak Forest Ct SE, Grand Rapids, MI 49546, USA",street_address,495462000000.0,H,Residential,D,AAN1,H#,1029,5.0,1,1,0,0,0,0
145,145,42.920062,-85.724746,41-17-10-302-012,0.0,"2440 Byron Center Ave SW, Wyoming, MI 49519, USA",establishment,495192000000.0,H,Residential,D,AAN1,H#,1000,5.0,1,0,0,0,0,0
146,146,42.920561,-85.686538,41-17-11-426-051,0.0,"2405 Clyde Park Ave SW, Wyoming, MI 49509, USA",street_address,495092000000.0,H,Residential,D,AAN1,LI#H#,900,5.0,0,0,0,0,0,0
147,147,42.920583,-85.708762,41-17-10-427-035,0.0,"1720 Porter St SW, Wyoming, MI 49519, USA",premise,495192000000.0,H,Residential,D,AAN1,H#,890,5.0,0,0,0,0,0,0
148,148,42.92075,-85.71391700000002,41-17-10-402-002,0.0,"1920 Porter St SW, Wyoming, MI 49519, USA",premise,495192000000.0,H,Residential,D,AAN1,H#,890,5.0,0,0,0,0,0,0
149,149,42.920869,-85.562979,41-18-12-176-005,0.0,"4252 La Grange Ct SE, Grand Rapids, MI 49546, USA",street_address,495462000000.0,H,Residential,D,AAN1,H#,1029,5.0,1,1,0,0,0,0
150,150,42.92088,-85.587722,41-18-11-100-081,0.0,"2303 Valleywood Dr SE, Grand Rapids, MI 49546, USA",street_address,495468000000.0,H,Residential,D,AAN1,H#,1133,5.0,1,1,1,0,0,0
151,151,42.920951,-85.694769,41-17-11-252-054,0.0,"1141 Alger St SW, Wyoming, MI 49509, USA",premise,495092000000.0,H,Residential,D,AAN1,H#,900,5.0,0,0,0,0,0,0
152,152,42.920988,-85.694276,41-17-11-252-034,0.0,"1123 Alger St SW, Wyoming, MI 49509, USA",premise,495092000000.0,H,Residential,D,AAN1,H#,900,5.0,0,0,0,0,0,0
153,153,42.922201,-85.58801600000002,41-18-11-100-080,0.0,"2250 Raybrook St SE, Grand Rapids, MI 49546, USA",premise,495468000000.0,H,Residential,D,AAN1,H#,1133,5.0,1,1,1,0,0,0
154,154,42.922783,-85.694099,41-17-11-252-051,0.0,"2300 Newstead Ave SW, Wyoming, MI 49509, USA",street_address,495092000000.0,H,Residential,D,AAN1,H#,900,5.0,0,0,0,0,0,0
155,155,42.923024,-85.571504,41-18-11-240-039,0.0,"3986 Whispering Way Dr SE, Grand Rapids, MI 49546, USA",street_address,495468000000.0,H,Residential,D,AAN1,H#L#,1029,5.0,1,1,0,0,0,0
156,156,42.923378,-85.72439,41-17-10-151-036,0.0,"2260 Byron Center Ave SW, Wyoming, MI 49519, USA",premise,495192000000.0,H,Residential,D,AAN1,H#,1300,5.0,1,1,1,1,1,1
157,157,42.923981,-85.343153,41-20-11-177-003,0.0,"2287 Segwun Ave SE, Lowell, MI 49331, USA",street_address,493319000000.0,H,Residential,D,AAN1,H#,1200,5.0,1,1,1,1,0,0
158,158,42.924575,-85.714439,41-17-10-201-015,0.0,"1921 Farragut St SW, Wyoming, MI 49519, USA",establishment,495192000000.0,H,Residential,D,AAN1,H#,890,5.0,0,0,0,0,0,0
159,159,42.924681,-85.66615999999998,41-18-07-103-005,0.0,"2132 Division St, Grand Rapids, MI 49507, USA",street_address,495073000000.0,H,Residential,D,AAN1,H#L#,900,5.0,0,0,0,0,0,0
160,160,42.925314,-85.671131,41-17-12-229-030,0.0,"2114 Buchanan Ave SW, Grand Rapids, MI 49507, USA",premise,495073000000.0,H,Residential,D,AAN1,H#,900,5.0,0,0,0,0,0,0
161,161,42.925359,-85.574637,41-18-11-201-008,0.0,"3770 Whispering Way Dr SE, Grand Rapids, MI 49546, USA",street_address,495468000000.0,H,Residential,D,AAN1,H#L#,1029,5.0,1,1,0,0,0,0
162,162,42.925364,-85.64869200000003,41-18-07-227-044,0.0,"2055 Eastern Ave SE, Grand Rapids, MI 49507, USA",street_address,495073000000.0,H,Residential,D,AAN1,H#,999,5.0,1,0,0,0,0,0
163,163,42.925887,-85.66695,41-17-12-228-060,0.0,"2059 Division Ave S, Grand Rapids, MI 49507, USA",street_address,495073000000.0,H,Residential,D,AAN1,H#,900,5.0,0,0,0,0,0,0
164,164,42.926031,-85.66622,41-18-07-101-012,0.0,"2052 Division Ave S, Grand Rapids, MI 49507, USA",premise,495073000000.0,H,Residential,D,AAN1,H#,900,5.0,0,0,0,0,0,0
165,165,42.92642100000001,-85.619344,41-18-09-127-036,0.0,"1960 Burton St SE, Grand Rapids, MI 49506, USA",establishment,495065000000.0,H,Residential,D,AAN1,H#,1400,5.0,1,1,1,1,1,1
166,166,42.926474,-85.666239,41-18-07-101-009,0.0,"2032 Division Ave S, Grand Rapids, MI 49507, USA",premise,495073000000.0,H,Residential,D,AAN1,H#,900,5.0,0,0,0,0,0,0
167,167,42.926752,-85.64877800000002,41-18-07-227-024,0.0,"2017 Eastern Ave SE, Grand Rapids, MI 49507, USA",beauty_salon,495073000000.0,H,Residential,D,AAN1,I#,900,5.0,0,0,0,0,0,0
168,168,42.927011,-85.6492,41-18-07-227-039,0.0,"736 Burton St SE, Grand Rapids, MI 49507, USA",premise,495073000000.0,H,Residential,D,AAN1,H#,900,5.0,0,0,0,0,0,0
169,169,42.927243,-85.665894,41-18-07-101-016,0.0,"14 Burton St SE, Grand Rapids, MI 49507, USA",premise,495073000000.0,H,Residential,D,AAN1,H#,900,5.0,0,0,0,0,0,0
170,170,42.927254,-85.686971,41-17-11-229-018,0.0,"2027 Clyde Park Ave SW, Wyoming, MI 49509, USA",premise,495092000000.0,H,Residential,D,AAN1,H#,900,5.0,0,0,0,0,0,0
171,171,42.9274,-85.674369,41-17-12-203-001,0.0,"326 Burton St SW, Grand Rapids, MI 49507, USA",premise,495072000000.0,H,Residential,D,AAN1,H#,900,5.0,0,0,0,0,0,0
172,172,42.927407,-85.674944,41-17-12-202-006,0.0,"338 Burton St SW, Grand Rapids, MI 49507, USA",street_address,495072000000.0,H,Residential,D,AAN1,H#,900,5.0,0,0,0,0,0,0
173,173,42.927494,-85.677868,41-17-12-130-002,0.0,"448 Burton St SW, Grand Rapids, MI 49507, USA",premise,495072000000.0,H,Residential,D,AAN1,H#,900,5.0,0,0,0,0,0,0
174,174,42.927734,-85.63505699999997,41-18-05-459-016,0.0,"1911 Kalamazoo Ave SE, Grand Rapids, MI 49507, USA",establishment,495073000000.0,H,Residential,D,AAN1,H#,1400,5.0,1,1,1,1,1,1
175,175,42.927918,-85.718986,41-17-10-126-064,0.0,"2130 Burton St SW, Wyoming, MI 49519, USA",premise,495191000000.0,H,Residential,D,AAN1,H#,890,5.0,0,0,0,0,0,0
176,176,42.928744,-85.351573,41-20-11-101-017,0.0,"1112 Bowes Rd, Lowell, MI 49331, USA",street_address,493320000000.0,H,Residential,D,AAN1,H#,1200,5.0,1,1,1,1,0,0
177,177,42.930211,-85.35888800000002,41-20-03-451-001,0.0,"1800 W Main St, Lowell, MI 49331, USA",establishment,493312000000.0,H,Residential,D,AAN1,H#,1200,5.0,1,1,1,1,0,0
178,178,42.93051,-85.345445,41-20-02-382-011,0.0,"725 Bowes Rd, Lowell, MI 49331, USA",premise,493312000000.0,H,Residential,D,AAN1,H#,1200,5.0,1,1,1,1,0,0
179,179,42.930965,-85.34313,41-20-02-381-016,0.0,"451 Grand, Lowell, MI 49331, USA",street_address,493312000000.0,H,Residential,D,AAN1,H#L#,1200,5.0,1,1,1,1,0,0
180,180,42.932139,-85.356186,41-20-03-476-001,0.0,"1436 Deborah Dr, Lowell, MI 49331, USA",premise,493311000000.0,H,Residential,D,AAN1,H#,1200,5.0,1,1,1,1,0,0
181,181,42.932148,-85.355834,41-20-03-476-004,0.0,"1436 Deborah Dr, Lowell, MI 49331, USA",premise,493311000000.0,H,Residential,D,AAN1,H#,1200,5.0,1,1,1,1,0,0
182,182,42.932208,-85.380156,41-20-04-401-032,0.0,"11521 Boulder Dr SE, Lowell, MI 49331, USA",street_address,493319000000.0,H,Residential,D,AAN1,H#L#,1200,5.0,1,1,1,1,0,0
183,183,42.932392,-85.37857199999998,41-20-04-401-033,0.0,"11515 Boulder Dr SE, Lowell, MI 49331, USA",street_address,493319000000.0,H,Residential,D,AAN1,H#L#,1200,5.0,1,1,1,1,0,0
184,184,42.932407,-85.35793199999998,41-20-03-401-015,0.0,"1501 Deborah Dr, Lowell, MI 49331, USA",street_address,493311000000.0,H,Residential,D,AAN1,H#,1200,5.0,1,1,1,1,0,0
185,185,42.932589,-85.35516199999998,41-20-03-477-019,0.0,"171 Valley Vista Dr, Lowell, MI 49331, USA",premise,493312000000.0,H,Residential,D,AAN1,H#L#,1200,5.0,1,1,1,1,0,0
186,186,42.932642,-85.356434,41-20-03-432-003,0.0,"1451 Deborah Dr, Lowell, MI 49331, USA",premise,493311000000.0,H,Residential,D,AAN1,H#,1200,5.0,1,1,1,1,0,0
187,187,42.932659,-85.355953,41-20-03-432-006,0.0,"168 Valley Vista Dr, Lowell, MI 49331, USA",premise,493312000000.0,H,Residential,D,AAN1,H#L#,1200,5.0,1,1,1,1,0,0
188,188,42.934353,-85.349351,41-20-02-305-023,0.0,"201 N Center St, Lowell, MI 49331, USA",street_address,493311000000.0,H,Residential,D,AAN1,H#,1200,0.75,1,1,1,1,0,0
189,189,42.934743,-85.337549,41-20-02-406-009,0.0,"209 E Main St, Lowell, MI 49331, USA",establishment,493312000000.0,H,Residential,D,AAN1,H#,1200,0.75,1,1,1,1,0,0
190,190,42.934759,-85.33747,41-20-02-406-010,0.0,"209 E Main St, Lowell, MI 49331, USA",establishment,493312000000.0,H,Residential,D,AAN1,H#,1200,0.75,1,1,1,1,0,0
191,191,42.934868,-85.333786,41-20-02-432-008,0.0,"504 E Main St, Lowell, MI 49331, USA",premise,493312000000.0,H,Residential,D,AAN1,H#,1200,0.75,1,1,1,1,0,0
192,192,42.934951,-85.333457,41-20-02-432-002,0.0,"512 E Main St, Lowell, MI 49331, USA",premise,493312000000.0,H,Residential,D,AAN1,H#,1200,0.75,1,1,1,1,0,0
193,193,42.934963,-85.336709,41-20-02-407-007,0.0,"307 E Main St, Lowell, MI 49331, USA",establishment,493312000000.0,H,Residential,D,AAN1,H#,1200,0.75,1,1,1,1,0,0
194,194,42.935145,-85.63926,41-18-05-256-007,0.0,"1548 Kalamazoo Ave SE, Grand Rapids, MI 49507, USA",establishment,495072000000.0,H,Residential,D,AAN1,H#,1400,0.75,1,1,1,1,1,1
195,195,42.935499,-85.334692,41-20-02-427-007,0.0,"112 N Jefferson St, Lowell, MI 49331, USA",premise,493311000000.0,H,Residential,D,AAN1,H#,1200,0.75,1,1,1,1,0,0
196,196,42.935572,-85.62092,41-18-04-177-028,0.0,"1919 Boston St SE, Grand Rapids, MI 49506, USA",establishment,495064000000.0,H,Residential,D,AAN1,H#,1400,0.75,1,1,1,1,1,1
197,197,42.935713,-85.699713,41-17-02-182-016,0.0,"1303 Chicago Dr SW, Wyoming, MI 49509, USA",premise,495091000000.0,H,Residential,D,AAN1,H#,900,0.75,0,0,0,0,0,0
198,198,42.936394,-85.68656,41-17-01-155-015,0.0,"1531 Grandville Ave SW, Grand Rapids, MI 49503, USA",premise,495038000000.0,H,Residential,D,AAN1,H#,900,0.75,0,0,0,0,0,0
199,199,42.936444,-85.686458,41-17-01-155-014,0.0,"1529 Grandville Ave SW, Grand Rapids, MI 49503, USA",premise,495038000000.0,H,Residential,D,AAN1,H#,900,0.75,0,0,0,0,0,0
200,200,42.942381,-85.642636,41-14-32-382-017,0.0,"1050 Fisk Rd SE, Grand Rapids, MI 49507, USA",church,495071000000.0,H,Residential,D,AAN1,H#L#,1400,0.75,1,1,1,1,1,1
201,201,42.9438,-85.556619,41-14-36-451-038,0.0,"1055 Forest Hill Ave SE, Grand Rapids, MI 49546, USA",street_address,495464000000.0,H,Residential,D,AAN1,H#,1389,0.75,1,1,1,1,1,1
202,202,42.944507,-85.67061899999999,41-13-36-476-046,0.0,"117 Shelby St SW, Grand Rapids, MI 49507, USA",street_address,495071000000.0,H,Residential,D,AAN1,H#,1400,0.75,1,1,1,1,1,1
203,203,42.945418,-85.668098,41-13-36-440-005,0.0,"6 Delaware St SW, Grand Rapids, MI 49507, USA",street_address,495072000000.0,H,Residential,D,AAN1,H#,1400,0.75,1,1,1,1,1,1
204,204,42.946159,-85.667079,41-14-31-301-037,0.0,"920 Division Ave S, Grand Rapids, MI 49507, USA",premise,495071000000.0,H,Residential,D,AAN1,H#,1400,0.75,1,1,1,1,1,1
205,205,42.946544,-85.667089,41-14-31-301-034,0.0,"906 Division Ave S, Grand Rapids, MI 49507, USA",establishment,495071000000.0,H,Residential,D,AAN1,H#,1400,0.75,1,1,1,1,1,1
206,206,42.947926,-85.648889,41-14-32-301-004,0.0,"812 Eastern Ave SE, Grand Rapids, MI 49507, USA",premise,495071000000.0,H,Residential,D,AAN1,H#,1400,0.75,1,1,1,1,1,1
207,207,42.950521,-85.659475,41-14-31-179-020,0.0,"635 Madison Ave SE, Grand Rapids, MI 49503, USA",premise,495036000000.0,H,Residential,D,AAN1,H#,1250,0.75,1,1,1,1,1,0
208,208,42.950611,-85.658676,41-14-31-251-014,0.0,"630 Madison Ave SE, Grand Rapids, MI 49503, USA",premise,495035000000.0,H,Residential,D,AAN1,H#,1250,0.75,1,1,1,1,1,0
209,209,42.951366,-85.66148299999998,41-14-31-178-001,0.0,"300 Pleasant St SE, Grand Rapids, MI 49503, USA",street_address,495035000000.0,H,Residential,D,AAN1,H#,1400,0.75,1,1,1,1,1,1
210,210,42.95140900000001,-85.639827,41-14-32-177-043,0.0,"613 Fuller Ave SE, Grand Rapids, MI 49506, USA",establishment,495063000000.0,H,Residential,D,AAN1,H#,1400,0.75,1,1,1,1,1,1
211,211,42.952085,-85.655775,41-14-31-207-023,0.0,"561 Paris Ave SE, Grand Rapids, MI 49503, USA",street_address,495035000000.0,H,Residential,D,AAN1,H#,1250,0.75,1,1,1,1,1,0
212,212,42.952225,-85.658726,41-14-31-205-014,0.0,"558 Madison Ave SE, Grand Rapids, MI 49503, USA",premise,495035000000.0,H,Residential,D,AAN1,H#,1400,0.75,1,1,1,1,1,1
213,213,42.952449,-85.655057,41-14-31-208-041,0.0,"550 Paris Ave SE, Grand Rapids, MI 49503, USA",premise,495035000000.0,H,Residential,D,AAN1,H#,1200,0.75,1,1,1,1,0,0
214,214,42.9528,-85.656273,41-14-31-207-005,0.0,"532 College Ave SE, Grand Rapids, MI 49503, USA",premise,495036000000.0,H,Residential,D,AAN1,H#,1200,0.75,1,1,1,1,0,0
215,215,42.953317,-85.658705,41-14-31-205-003,0.0,"520 Madison Ave SE, Grand Rapids, MI 49503, USA",premise,495035000000.0,H,Residential,D,AAN1,H#,1250,0.75,1,1,1,1,1,0
216,216,42.953691,-85.656276,41-14-31-207-033,0.0,"504 College Ave SE, Grand Rapids, MI 49503, USA",premise,495035000000.0,H,Residential,D,AAN1,H#,1200,0.75,1,1,1,1,0,0
217,217,42.95411,-85.65469399999998,41-14-31-204-019,0.0,"549 Logan St SE, Grand Rapids, MI 49503, USA",premise,495035000000.0,H,Residential,D,AAN1,H#,1200,0.75,1,1,1,1,0,0
218,218,42.954134,-85.65629799999998,41-14-31-203-014,0.0,"456 College Ave SE, Grand Rapids, MI 49503, USA",street_address,495035000000.0,H,Residential,D,AAN1,H#,1200,0.75,1,1,1,1,0,0
219,219,42.954254,-85.65507099999998,41-14-31-204-011,0.0,"444 Paris Ave SE, Grand Rapids, MI 49503, USA",premise,495035000000.0,H,Residential,D,AAN1,H#,1200,0.75,1,1,1,1,0,0
220,220,42.95492700000001,-85.657035,41-14-31-202-015,0.0,"425 College Ave SE, Grand Rapids, MI 49503, USA",premise,495035000000.0,H,Residential,D,AAN1,H#,1250,0.75,1,1,1,1,1,0
221,221,42.954977,-85.487462,41-15-34-101-045,0.0,"545 Ada Dr SE, Ada, MI 49301, USA",establishment,493019000000.0,H,Residential,D,AAN1,H#,1435,0.75,1,1,1,1,1,1
222,222,42.955055,-85.660067,41-14-31-129-004,0.0,"424 Prospect Ave SE, Grand Rapids, MI 49503, USA",premise,495035000000.0,H,Residential,D,AAN1,H#,1400,0.75,1,1,1,1,1,1
223,223,42.955241,-85.632729,41-14-32-228-001,0.0,"400 Ethel Ave SE, Grand Rapids, MI 49506, USA",street_address,495063000000.0,H,Residential,D,AAN1,H#,1400,0.75,1,1,1,1,1,1
224,224,42.955248,-85.630301,41-14-32-230-004,0.0,"1566 Wealthy St SE, Grand Rapids, MI 49506, USA",premise,495063000000.0,H,Residential,D,AAN1,H#,1400,0.75,1,1,1,1,1,1
225,225,42.955268,-85.661405,41-14-31-128-004,0.0,"416 Lafayette Ave SE, Grand Rapids, MI 49503, USA",premise,495035000000.0,H,Residential,D,AAN1,H#,1400,0.75,1,1,1,1,1,1
226,226,42.955286,-85.645318,41-14-32-102-006,0.0,"934 Wealthy St SE, Grand Rapids, MI 49506, USA",street_address,495062000000.0,H,Residential,D,AAN1,H#,1400,0.75,1,1,1,1,1,1
227,227,42.955306,-85.648328,41-14-32-101-010,0.0,"822 Wealthy St SE, Grand Rapids, MI 49506, USA",premise,495062000000.0,H,Residential,D,AAN1,H#,1200,0.75,1,1,1,1,0,0
228,228,42.95533,-85.649835,41-14-31-229-004,0.0,"746 Wealthy St SE, Grand Rapids, MI 49503, USA",premise,495036000000.0,H,Residential,D,AAN1,H#,1200,0.75,1,1,1,1,0,0
229,229,42.955391,-85.634535,41-95-51-014-028,0.0,"1400 Wealthy St SE, Grand Rapids, MI 49506, USA",premise,495063000000.0,H,Residential,D,AAN1,H#,1400,0.75,1,1,1,1,1,1
230,230,42.955549,-85.659497,41-14-31-129-010,0.0,"407 Madison Ave SE, Grand Rapids, MI 49503, USA",premise,495035000000.0,H,Residential,D,AAN1,H#,1400,0.75,1,1,1,1,1,1
231,231,42.955664,-85.634341,41-95-51-014-027,0.0,"1415 Wealthy St SE, Grand Rapids, MI 49506, USA",establishment,495063000000.0,H,Residential,D,AAN1,H#,1400,0.75,1,1,1,1,1,1
232,232,42.955733,-85.666325,41-14-31-102-040,0.0,"100 Wealthy St SE, Grand Rapids, MI 49503, USA",premise,495035000000.0,H,Residential,D,AAN1,H#,1400,0.75,1,1,1,1,1,1
233,233,42.955784,-85.644243,41-14-29-379-041,0.0,"1005 Wealthy St SE, Grand Rapids, MI 49506, USA",bar,495063000000.0,H,Residential,D,AAN1,H#,1400,0.33,1,1,1,1,1,1
234,234,42.955861,-85.645551,41-14-29-359-024,0.0,"933 Wealthy St SE, Grand Rapids, MI 49506, USA",premise,495062000000.0,H,Residential,D,AAN1,H#,1400,0.33,1,1,1,1,1,1
235,235,42.955887,-85.657045,41-14-30-452-039,0.0,"353 College Ave SE, Grand Rapids, MI 49503, USA",premise,495035000000.0,H,Residential,D,AAN1,H#,1200,0.33,1,1,1,1,0,0
236,236,42.955918,-85.658771,41-14-30-451-021,0.0,"356 Madison Ave SE, Grand Rapids, MI 49503, USA",premise,495035000000.0,H,Residential,D,AAN1,H#,1300,0.33,1,1,1,1,1,1
237,237,42.955989,-85.65953499999998,41-14-30-381-066,0.0,"357 Madison Ave SE, Grand Rapids, MI 49503, USA",premise,495035000000.0,H,Residential,D,AAN1,H#,1200,0.33,1,1,1,1,0,0
238,238,42.956051,-85.655118,41-14-30-454-020,0.0,"342 Paris Ave SE, Grand Rapids, MI 49503, USA",premise,495035000000.0,H,Residential,D,AAN1,H#,1200,0.33,1,1,1,1,0,0
239,239,42.956219,-85.64197800000002,41-14-29-381-035,0.0,"1059 Wealthy St SE, Grand Rapids, MI 49506, USA",premise,495062000000.0,H,Residential,D,AAN1,H#,1400,0.33,1,1,1,1,1,1
240,240,42.956387,-85.63364200000002,41-14-29-483-020,0.0,"1448 Lake Dr SE, Grand Rapids, MI 49506, USA",street_address,495062000000.0,H,Residential,D,AAN1,H#,1400,0.33,1,1,1,1,1,1
241,241,42.95641,-85.655827,41-14-30-453-039,0.0,"333 Paris Ave SE, Grand Rapids, MI 49503, USA",premise,495035000000.0,H,Residential,D,AAN1,H#,1200,0.33,1,1,1,1,0,0
242,242,42.956476,-85.668634,41-13-25-486-014,0.0,"344 Commerce Ave SW, Grand Rapids, MI 49503, USA",premise,495034000000.0,H,Residential,D,AAN1,H#,1684,0.33,1,1,1,1,1,1
243,243,42.956502,-85.658783,41-14-30-451-017,0.0,"334 Madison Ave SE, Grand Rapids, MI 49503, USA",premise,495035000000.0,H,Residential,D,AAN1,H#,1200,0.33,1,1,1,1,0,0
244,244,42.956568,-85.669344,41-13-25-485-011,0.0,"333 Commerce Ave SW, Grand Rapids, MI 49503, USA",establishment,495036000000.0,H,Residential,D,AAN1,H#,2050,0.33,1,1,1,1,1,1
245,245,42.956693,-85.668079,41-13-25-486-021,0.0,"339 Division St, Grand Rapids, MI 49503, USA",street_address,495035000000.0,H,Residential,D,AAN1,H#L#,1684,0.33,1,1,1,1,1,1
246,246,42.95671,-85.644715,41-14-29-358-029,0.0,"337 Diamond Ave SE, Grand Rapids, MI 49506, USA",beauty_salon,495063000000.0,H,Residential,D,AAN1,H#,1400,0.33,1,1,1,1,1,1
247,247,42.95711,-85.641411,41-14-29-382-009,0.0,"322 Calkins Ave SE, Grand Rapids, MI 49506, USA",premise,495062000000.0,H,Residential,D,AAN1,H#,1400,0.33,1,1,1,1,1,1
248,248,42.957329,-85.669531,41-13-25-482-002,0.0,"315 Commerce Ave SW, Grand Rapids, MI 49503, USA",establishment,495034000000.0,H,Residential,D,AAN1,H#,2550,0.33,1,1,1,1,1,1
249,249,42.957959,-85.649714,41-14-30-482-036,0.0,"253 Eastern Ave SE, Grand Rapids, MI 49503, USA",street_address,495036000000.0,H,Residential,D,AAN1,H#,1200,0.33,1,1,1,1,0,0
250,250,42.958208,-85.691548,41-13-26-480-002,0.0,"934 Butterworth St SW, Grand Rapids, MI 49504, USA",premise,495046000000.0,H,Residential,D,AAN1,H#,2050,0.33,1,1,1,1,1,1
251,251,42.958227,-85.652182,41-14-30-477-023,0.0,"241 Henry Ave SE, Grand Rapids, MI 49503, USA",premise,495036000000.0,H,Residential,D,AAN1,H#,1200,0.33,1,1,1,1,0,0
252,252,42.958501,-85.669791,41-13-25-488-001,0.0,"240 Ionia Ave SW, Grand Rapids, MI 49503, USA",street_address,495034000000.0,H,Residential,D,AAN1,H#,1875,0.33,1,1,1,1,1,1
253,253,42.958596,-85.66816800000002,41-13-25-481-007,0.0,"14 Williams St SW, Grand Rapids, MI 49503, USA",premise,495034000000.0,H,Residential,D,AAN1,H#,1400,0.33,1,1,1,1,1,1
254,254,42.958756,-85.657108,41-14-30-452-024,0.0,"219 College Ave SE, Grand Rapids, MI 49503, USA",premise,495036000000.0,H,Residential,D,AAN1,H#,1300,0.33,1,1,1,1,1,1
255,255,42.958925,-85.657604,41-14-30-452-001,0.0,"434 Cherry St SE, Grand Rapids, MI 49503, USA",establishment,495035000000.0,H,Residential,D,AAN1,H#,1200,0.33,1,1,1,1,0,0
256,256,42.959032,-85.687895,41-13-26-483-021,0.0,"812 Butterworth St SW, Grand Rapids, MI 49504, USA",premise,495046000000.0,H,Residential,D,AAN1,H#,2550,0.33,1,1,1,1,1,1
257,257,42.959065,-85.658276,41-14-30-451-002,0.0,"205 Morris Ave SE, Grand Rapids, MI 49503, USA",street_address,495035000000.0,H,Residential,D,AAN1,H#,1300,0.33,1,1,1,1,1,1
258,258,42.95908,-85.67297099999998,41-13-25-454-010,0.0,"212 Grandville Ave SW, Grand Rapids, MI 49503, USA",street_address,495034000000.0,H,Residential,D,AAN1,H#,2550,0.33,1,1,1,1,1,1
259,259,42.959189,-85.648382,41-14-29-351-002,0.0,"822 Cherry St SE, Grand Rapids, MI 49506, USA",premise,495061000000.0,H,Residential,D,AAN1,H#,1200,0.33,1,1,1,1,0,0
260,260,42.959191,-85.66074499999998,41-14-30-377-047,0.0,"322 Cherry St SE, Grand Rapids, MI 49503, USA",premise,495035000000.0,H,Residential,D,AAN1,H#,1360,0.33,1,1,1,1,1,1
261,261,42.959199,-85.65334399999998,41-14-30-476-003,0.0,"624 Cherry St SE, Grand Rapids, MI 49503, USA",premise,495035000000.0,H,Residential,D,AAN1,H#,1200,0.33,1,1,1,1,0,0
262,262,42.959377,-85.67298000000002,41-13-25-454-002,0.0,"206 Grandville Ave SW, Grand Rapids, MI 49503, USA",street_address,495034000000.0,H,Residential,D,AAN1,H#,2550,0.33,1,1,1,1,1,1
263,263,42.959612,-85.66064300000002,41-14-30-334-021,0.0,"319 Cherry St SE, Grand Rapids, MI 49503, USA",premise,495035000000.0,H,Residential,D,AAN1,H#,1360,0.33,1,1,1,1,1,1
264,264,42.959795,-85.653582,41-14-30-432-022,0.0,"617 Cherry St SE, Grand Rapids, MI 49503, USA",premise,495035000000.0,H,Residential,D,AAN1,H#,1200,0.33,1,1,1,1,0,0
265,265,42.959818,-85.681568,41-13-25-377-001,0.0,"The Bicycle Factory, 201 Front Ave SW, Grand Rapids, MI 49504, USA",establishment,495046000000.0,H,Residential,D,AAN1,H#,2550,0.33,1,1,1,1,1,1
266,266,42.959862,-85.667427,41-14-30-307-006,0.0,"136 Division Ave S, Grand Rapids, MI 49503, USA",street_address,495034000000.0,H,Residential,D,AAN1,H#,2550,0.33,1,1,1,1,1,1
267,267,42.959893,-85.653341,41-14-30-432-039,0.0,"623 Cherry St SE, Grand Rapids, MI 49503, USA",premise,495035000000.0,H,Residential,D,AAN1,H#,1200,0.33,1,1,1,1,0,0
268,268,42.95991,-85.685674,41-13-25-306-024,0.0,"719 Butterworth St SW, Grand Rapids, MI 49504, USA",premise,495048000000.0,H,Residential,D,AAN1,H#,2550,0.33,1,1,1,1,1,1
269,269,42.960032,-85.65496800000003,41-14-30-404-026,0.0,"547 Cherry St SE, Grand Rapids, MI 49503, USA",establishment,495035000000.0,H,Residential,D,AAN1,H#,1300,0.33,1,1,1,1,1,1
270,270,42.96033900000001,-85.657411,41-14-30-403-022,0.0,"125 College Ave SE, Grand Rapids, MI 49503, USA",premise,495034000000.0,H,Residential,D,AAN1,H#,1300,0.33,1,1,1,1,1,1
271,271,42.960408,-85.65881800000002,41-14-30-403-008,0.0,"126 Madison Ave SE, Grand Rapids, MI 49503, USA",premise,495034000000.0,H,Residential,D,AAN1,H#,1300,0.33,1,1,1,1,1,1
272,272,42.960467,-85.65394599999998,41-14-30-432-036,0.0,"102 Union Ave SE, Grand Rapids, MI 49503, USA",premise,495034000000.0,H,Residential,D,AAN1,H#,1300,0.33,1,1,1,1,1,1
273,273,42.96051,-85.659604,41-14-30-331-012,0.0,"121 Madison Ave SE, Grand Rapids, MI 49503, USA",premise,495036000000.0,H,Residential,D,AAN1,H#,1360,0.33,1,1,1,1,1,1
274,274,42.960788,-85.668216,41-13-25-444-001,0.0,"101 Division Ave S, Grand Rapids, MI 49503, USA",street_address,495034000000.0,H,Residential,D,AAN1,H#,1875,0.33,1,1,1,1,1,1
275,275,42.960813,-85.668749,41-13-25-439-001,0.0,"100 Commerce Ave SW, Grand Rapids, MI 49503, USA",establishment,495034000000.0,H,Residential,D,AAN1,H#,1875,0.5,1,1,1,1,1,1
276,276,42.960853,-85.659501,41-14-30-331-010,0.0,"111 Madison Ave SE, Grand Rapids, MI 49503, USA",premise,495034000000.0,H,Residential,D,AAN1,H#,1360,0.5,1,1,1,1,1,1
277,277,42.960907,-85.658928,41-14-30-403-001,0.0,"400 Washington St SE, Grand Rapids, MI 49503, USA",establishment,495034000000.0,H,Residential,D,AAN1,H#,1300,0.5,1,1,1,1,1,1
278,278,42.960915,-85.657326,41-14-30-403-010,0.0,"103 College Ave SE, Grand Rapids, MI 49503, USA",doctor,495036000000.0,H,Residential,D,AAN1,H#,1300,0.5,1,1,1,1,1,1
279,279,42.960922,-85.651533,41-14-30-430-040,0.0,"65 Packard Ave SE, Grand Rapids, MI 49503, USA",street_address,495036000000.0,H,Residential,D,AAN1,H#,1300,0.5,1,1,1,1,1,1
280,280,42.960971,-85.65385699999999,41-14-30-430-019,0.0,"76 Union Ave SE, Grand Rapids, MI 49503, USA",establishment,495036000000.0,H,Residential,D,AAN1,H#,1300,0.5,1,1,1,1,1,1
281,281,42.960981,-85.660735,41-14-30-330-007,0.0,"322 Washington St SE, Grand Rapids, MI 49503, USA",premise,495034000000.0,H,Residential,D,AAN1,H#,1300,0.5,1,1,1,1,1,1
282,282,42.961052,-85.661422,41-14-30-330-001,0.0,"300 Washington St SE, Grand Rapids, MI 49503, USA",street_address,495034000000.0,H,Residential,D,AAN1,H#,1400,0.5,1,1,1,1,1,1
283,283,42.96148,-85.658004,41-14-30-402-013,0.0,"429 Washington St SE, Grand Rapids, MI 49503, USA",premise,495034000000.0,H,Residential,D,AAN1,H#,1300,0.5,1,1,1,1,1,1
284,284,42.961488,-85.657249,41-14-30-402-015,0.0,"45 College Ave SE, Grand Rapids, MI 49503, USA",premise,495034000000.0,H,Residential,D,AAN1,H#,1300,0.5,1,1,1,1,1,1
285,285,42.961591,-85.659002,41-14-30-401-004,0.0,"405 Washington St SE, Grand Rapids, MI 49503, USA",establishment,495036000000.0,H,Residential,D,AAN1,H#,1300,0.5,1,1,1,1,1,1
286,286,42.961727,-85.65979899999998,41-14-30-328-007,0.0,"40 Prospect Ave SE, Grand Rapids, MI 49503, USA",premise,495034000000.0,H,Residential,D,AAN1,H#,1300,0.5,1,1,1,1,1,1
287,287,42.961864,-85.656182,41-14-30-405-001,0.0,"30 College Ave SE, Grand Rapids, MI 49503, USA",street_address,495034000000.0,H,Residential,D,AAN1,H#,1300,0.5,1,1,1,1,1,1
288,288,42.961902,-85.68402900000002,41-13-25-303-027,0.0,"55 Lexington Ave SW, Grand Rapids, MI 49504, USA",street_address,495048000000.0,H,Residential,D,AAN1,H#,2399,0.5,1,1,1,1,1,1
289,289,42.961923,-85.658084,41-14-30-402-006,0.0,"38 Gay Ave SE, Grand Rapids, MI 49503, USA",premise,495036000000.0,H,Residential,D,AAN1,H#,1300,0.5,1,1,1,1,1,1
290,290,42.962302,-85.659018,41-14-30-401-002,0.0,"21 Gay Ave SE, Grand Rapids, MI 49503, USA",premise,495036000000.0,H,Residential,D,AAN1,H#,1300,0.5,1,1,1,1,1,1
291,291,42.962308,-85.660488,41-14-30-327-013,0.0,"21 Prospect Ave SE, Grand Rapids, MI 49503, USA",premise,495034000000.0,H,Residential,D,AAN1,H#,1360,0.5,1,1,1,1,1,1
292,292,42.962401,-85.655711,41-14-30-404-027,0.0,"500 Fulton St E, Grand Rapids, MI 49503, USA",doctor,495036000000.0,H,Residential,D,AAN1,H#,1300,0.5,1,1,1,1,1,1
293,293,42.962519,-85.661335,41-14-30-327-006,0.0,"16 Lafayette Ave SE, Grand Rapids, MI 49503, USA",premise,495034000000.0,H,Residential,D,AAN1,H#,1300,0.5,1,1,1,1,1,1
294,294,42.962574,-85.68464499999997,41-13-25-303-011,0.0,"28 Gold Ave SW, Grand Rapids, MI 49504, USA",premise,495048000000.0,H,Residential,D,AAN1,H#,2399,0.5,1,1,1,1,1,1
295,295,42.962668,-85.659194,41-14-30-401-001,0.0,"424 Fulton St E, Grand Rapids, MI 49503, USA",street_address,495034000000.0,H,Residential,D,AAN1,H#,1360,0.5,1,1,1,1,1,1
296,296,42.962736,-85.669953,41-13-25-440-001,0.0,"16 Ionia Ave SW, Grand Rapids, MI 49503, USA",establishment,495034000000.0,H,Residential,D,AAN1,H#,2550,0.5,1,1,1,1,1,1
297,297,42.962845,-85.665602,41-14-30-310-001,0.0,"THE LORAINE BUILDING, 124 Fulton St E, Grand Rapids, MI 49503, USA",premise,495033000000.0,H,Residential,D,AAN1,H#,2550,0.5,1,1,1,1,1,1
298,298,42.96305200000001,-85.642236,41-14-29-183-034,0.0,"1055 Fulton St E, Grand Rapids, MI 49503, USA",establishment,495034000000.0,H,Residential,D,AAN1,H#,1200,0.5,1,1,1,1,0,0
299,299,42.963178000000006,-85.653231,41-14-30-280-029,0.0,"631 Fulton St E, Grand Rapids, MI 49503, USA",premise,495036000000.0,H,Residential,D,AAN1,H#,1300,0.5,1,1,1,1,1,1
300,300,42.963268,-85.686978,41-13-25-301-003,0.0,"748 Fulton St W, Grand Rapids, MI 49504, USA",street_address,495046000000.0,H,Residential,D,AAN1,H#,2050,0.5,1,1,1,1,1,1
301,301,42.96328,-85.686047,41-13-25-302-001,0.0,"724 Fulton St W, Grand Rapids, MI 49504, USA",establishment,495046000000.0,H,Residential,D,AAN1,H#,2399,0.5,1,1,1,1,1,1
302,302,42.963286,-85.651916,41-14-30-282-024,0.0,"12 Grand Ave NE, Grand Rapids, MI 49503, USA",street_address,495036000000.0,H,Residential,D,AAN1,H#,1300,0.5,1,1,1,1,1,1
303,303,42.963316,-85.68409100000002,41-13-25-303-029,0.0,"632 Fulton St W, Grand Rapids, MI 49504, USA",establishment,495045000000.0,H,Residential,D,AAN1,H#,2399,0.5,1,1,1,1,1,1
304,304,42.963356,-85.66098199999998,41-14-30-184-017,0.0,"317 Fulton St E, Grand Rapids, MI 49503, USA",premise,495034000000.0,H,Residential,D,AAN1,H#,1360,0.5,1,1,1,1,1,1
305,305,42.963374,-85.661488,41-14-30-184-015,0.0,"303 Fulton St E, Grand Rapids, MI 49503, USA",premise,495034000000.0,H,Residential,D,AAN1,H#,1360,0.5,1,1,1,1,1,1
306,306,42.963556,-85.657224,41-14-30-253-022,0.0,"15 College Ave NE, Grand Rapids, MI 49503, USA",premise,495033000000.0,H,Residential,D,AAN1,H#,1300,0.5,1,1,1,1,1,1
307,307,42.963706,-85.667466,41-14-30-157-009,0.0,"16 Monroe Center St NE, Grand Rapids, MI 49503, USA",establishment,495033000000.0,H,Residential,D,AAN1,H#,2550,0.5,1,1,1,1,1,1
308,308,42.963827,-85.662171,41-14-30-183-008,0.0,"23 Lafayette Ave NE, Grand Rapids, MI 49503, USA",street_address,495033000000.0,H,Residential,D,AAN1,H#,1360,0.5,1,1,1,1,1,1
309,309,42.963839,-85.661325,41-14-30-184-022,0.0,"28 Lafayette Ave NE, Grand Rapids, MI 49503, USA",premise,495033000000.0,H,Residential,D,AAN1,H#,1360,0.5,1,1,1,1,1,1
310,310,42.963913,-85.660619,41-14-30-184-013,0.0,"29 Prospect Ave NE, Grand Rapids, MI 49503, USA",premise,495033000000.0,H,Residential,D,AAN1,H#,1360,0.5,1,1,1,1,1,1
311,311,42.963999,-85.66286,41-14-30-183-004,0.0,"218 John St NE, Grand Rapids, MI 49503, USA",premise,495033000000.0,H,Residential,D,AAN1,H#,1360,0.5,1,1,1,1,1,1
312,312,42.964227,-85.668244,41-13-25-287-042,0.0,"The Peck Building, 40 Monroe Center St NW, Grand Rapids, MI 49503, USA",premise,495033000000.0,H,Residential,D,AAN1,H#,2550,0.5,1,1,1,1,1,1
313,313,42.964379,-85.668498,41-13-25-296-001,0.0,"52 Monroe Center St NW, Grand Rapids, MI 49503, USA",clothing_store,495033000000.0,H,Residential,D,AAN1,H#,2550,0.5,1,1,1,1,1,1
314,314,42.964556,-85.66879899999998,41-13-25-287-012,0.0,"FIRST COMMUNITY BANK BUILDING, 60 Monroe Center St NW, Grand Rapids, MI 49503, USA",premise,495033000000.0,H,Residential,D,AAN1,H#,2550,0.5,1,1,1,1,1,1
315,315,42.96467,-85.66223000000002,41-14-30-182-014,0.0,"55 Lafayette Ave NE, Grand Rapids, MI 49503, USA",premise,495036000000.0,H,Residential,D,AAN1,H#,1360,0.5,1,1,1,1,1,1
316,316,42.964779,-85.659701,41-14-30-185-002,0.0,"64 Prospect Ave NE, Grand Rapids, MI 49503, USA",premise,495033000000.0,H,Residential,D,AAN1,H#,1300,0.5,1,1,1,1,1,1
317,317,42.964787,-85.655988,41-14-30-254-003,0.0,"516 Fountain St NE, Grand Rapids, MI 49503, USA",establishment,495033000000.0,H,Residential,D,AAN1,H#,1300,0.5,1,1,1,1,1,1
318,318,42.964815,-85.657829,41-14-30-253-005,0.0,"460 Fountain St NE, Grand Rapids, MI 49503, USA",premise,495036000000.0,H,Residential,D,AAN1,H#,1300,0.5,1,1,1,1,1,1
319,319,42.964817,-85.658109,41-14-30-253-004,0.0,"450 Fountain St NE, Grand Rapids, MI 49503, USA",premise,495036000000.0,H,Residential,D,AAN1,H#,1300,0.5,1,1,1,1,1,1
320,320,42.96485,-85.65259499999998,41-14-30-278-022,0.0,"648 Fountain St NE, Grand Rapids, MI 49503, USA",premise,495033000000.0,H,Residential,D,AAN1,H#,1339,0.5,1,1,1,1,1,1
321,321,42.964889,-85.65889,41-14-30-253-033,0.0,"432 Fountain St NE, Grand Rapids, MI 49503, USA",premise,495036000000.0,H,Residential,D,AAN1,H#,1300,0.5,1,1,1,1,1,1
322,322,42.96494600000001,-85.664562,41-14-30-161-027,0.0,"68 Ransom Ave NE, Grand Rapids, MI 49503, USA",establishment,495033000000.0,H,Residential,D,AAN1,H#,1700,0.5,1,1,1,1,1,1
323,323,42.965015,-85.660866,41-14-30-184-002,0.0,"322 Fountain St NE, Grand Rapids, MI 49503, USA",premise,495033000000.0,H,Residential,D,AAN1,H#,1360,0.5,1,1,1,1,1,1
324,324,42.965477,-85.654635,41-14-30-252-047,0.0,"559 Fountain St NE, Grand Rapids, MI 49503, USA",premise,495033000000.0,H,Residential,D,AAN1,H#,1300,0.5,1,1,1,1,1,1
325,325,42.965654,-85.662856,41-14-30-178-007,0.0,"225 Fountain St NE, Grand Rapids, MI 49503, USA",premise,495033000000.0,H,Residential,D,AAN1,H#,1360,0.5,1,1,1,1,1,1
326,326,42.965686,-85.661367,41-14-30-179-010,0.0,"301 Fountain St NE, Grand Rapids, MI 49503, USA",establishment,495033000000.0,H,Residential,D,AAN1,H#,1360,0.5,1,1,1,1,1,1
327,327,42.965987,-85.662315,41-14-30-177-012,0.0,"119 Lafayette Ave NE, Grand Rapids, MI 49503, USA",premise,495033000000.0,H,Residential,D,AAN1,H#,1360,0.5,1,1,1,1,1,1
328,328,42.966148,-85.660666,41-14-30-180-008,0.0,"127 Prospect Ave NE, Grand Rapids, MI 49503, USA",premise,495033000000.0,H,Residential,D,AAN1,H#,1100,0.5,1,1,1,0,0,0
329,329,42.966178,-85.654762,41-14-30-252-036,0.0,"133 Union Ave NE, Grand Rapids, MI 49503, USA",premise,495033000000.0,H,Residential,D,AAN1,H#,1700,0.5,1,1,1,1,1,1
330,330,42.966217,-85.67419699999998,41-13-25-262-001,0.0,"250 Monroe Ave NW, Grand Rapids, MI 49503, USA",establishment,495032000000.0,H,Residential,D,AAN1,H#,2550,0.5,1,1,1,1,1,1
331,331,42.966279,-85.68285300000002,41-13-25-154-013,0.0,"601 Lake Michigan Dr NW, Grand Rapids, MI 49504, USA",establishment,495047000000.0,H,Residential,D,AAN1,H#,2550,0.5,1,1,1,1,1,1
332,332,42.966358,-85.66067,41-14-30-180-007,0.0,"139 Prospect Ave NE, Grand Rapids, MI 49503, USA",premise,495033000000.0,H,Residential,D,AAN1,H#,1100,0.5,1,1,1,0,0,0
333,333,42.966358,-85.655865,41-14-30-252-018,0.0,"139 Campbell Pl NE, Grand Rapids, MI 49503, USA",premise,495036000000.0,H,Residential,D,AAN1,H#,1339,0.5,1,1,1,1,1,1
334,334,42.966418,-85.661384,41-14-30-179-007,0.0,"132 Lafayette Ave NE, Grand Rapids, MI 49503, USA",premise,495036000000.0,H,Residential,D,AAN1,H#,1100,0.5,1,1,1,0,0,0
335,335,42.96652,-85.66067,41-14-30-180-006,0.0,"141 Prospect Ave NE, Grand Rapids, MI 49503, USA",premise,495036000000.0,H,Residential,D,AAN1,H#,1100,0.5,1,1,1,0,0,0
336,336,42.966631,-85.67163000000002,41-13-25-277-030,0.0,"139 Pearl St NW, Grand Rapids, MI 49503, USA",bar,495033000000.0,H,Residential,D,AAN1,H#,2550,0.5,1,1,1,1,1,1
337,337,42.966751,-85.661389,41-14-30-179-005,0.0,"148 Lafayette Ave NE, Grand Rapids, MI 49503, USA",premise,495036000000.0,H,Residential,D,AAN1,H#,1100,0.5,1,1,1,0,0,0
338,338,42.966906,-85.671762,41-13-25-277-023,0.0,"190 Monroe Ave NW, Grand Rapids, MI 49503, USA",establishment,495033000000.0,H,Residential,D,AAN1,H#,2550,0.5,1,1,1,1,1,1
339,339,42.9671,-85.640948,41-14-29-130-031,0.0,"1129 Lyon St NE, Grand Rapids, MI 49503, USA",street_address,495034000000.0,H,Residential,D,AAN1,H#,1400,0.5,1,1,1,1,1,1
340,340,42.967129,-85.660511,41-14-30-180-013,0.0,"163 Prospect Ave NE, Grand Rapids, MI 49503, USA",street_address,495033000000.0,H,Residential,D,AAN1,H#,1300,0.5,1,1,1,1,1,1
341,341,42.967149,-85.662436,41-14-30-177-002,0.0,"226 Lyon St NE, Grand Rapids, MI 49503, USA",premise,495033000000.0,H,Residential,D,AAN1,H#,1300,0.5,1,1,1,1,1,1
342,342,42.967163,-85.659595,41-14-30-181-016,0.0,"412 Lyon St NE, Grand Rapids, MI 49503, USA",premise,495036000000.0,H,Residential,D,AAN1,H#,1195,0.5,1,1,1,1,0,0
343,343,42.967441,-85.66848,41-13-25-230-010,0.0,"5 Lyon St NW, Grand Rapids, MI 49503, USA",premise,495033000000.0,H,Residential,D,AAN1,H#,2550,0.5,1,1,1,1,1,1
344,344,42.9676,-85.683513,41-13-25-116-002,0.0,"214 Lexington Ave NW, Grand Rapids, MI 49504, USA",premise,495046000000.0,H,Residential,D,AAN1,H#,2399,0.5,1,1,1,1,1,1
345,345,42.967636,-85.660872,41-14-30-132-006,0.0,"319 Lyon St NE, Grand Rapids, MI 49503, USA",premise,495033000000.0,H,Residential,D,AAN1,H#,1300,0.5,1,1,1,1,1,1
346,346,42.96764,-85.660629,41-14-30-132-007,0.0,"329 Lyon St NE, Grand Rapids, MI 49503, USA",premise,495033000000.0,H,Residential,D,AAN1,H#,1300,0.5,1,1,1,1,1,1
347,0,42.889784999999996,-85.63235999999998,41-18-20-428-014,0.0,"1333 Kendall St SE, Grand Rapids, MI 49508, USA",street_address,495084000000.0,H,Residential,D,AAN1,H#,1298,5.0,1,1,1,1,1,1
348,1,42.893029999999996,-85.65549200000002,41-18-19-201-013,0.0,"3800 Madison Ave SE, Wyoming, MI 49548, USA",street_address,495483000000.0,H,Residential,D,AAN1,H#,1245,5.0,1,1,1,1,1,0
349,2,42.897234999999995,-85.65072099999998,41-18-19-204-023,0.0,"650 36th St, Wyoming, MI 49548, USA",street_address,495095000000.0,H,Residential,D,AAN1,H#L#,1245,5.0,1,1,1,1,1,0
350,3,42.897991999999995,-85.688007,41-17-23-226-050,0.0,"3614 Pine Oak Ave SW, Wyoming, MI 49509, USA",premise,495094000000.0,H,Residential,D,AAN1,H#,1000,5.0,1,0,0,0,0,0
351,4,42.902995000000004,-85.608147,41-18-16-426-018,0.0,"3325 Breton Rd SE, Grand Rapids, MI 49512, USA",street_address,495128000000.0,H,Residential,D,AAN1,H#,1413,5.0,1,1,1,1,1,1
352,5,42.903721999999995,-85.723118,41-17-15-302-024,0.0,"3352 Byron Center Ave SW, Wyoming, MI 49519, USA",street_address,495193000000.0,H,Residential,D,AAN1,H#,1000,5.0,1,0,0,0,0,0
353,6,42.904740000000004,-85.682582,41-17-13-303-043,0.0,"3261 Woodward Ave SW, Wyoming, MI 49509, USA",premise,495093000000.0,H,Residential,D,AAN1,H#,1000,5.0,1,0,0,0,0,0
354,7,42.905623999999996,-85.722759,41-17-15-301-020,0.0,"2330 Prairie Pkwy SW, Wyoming, MI 49519, USA",street_address,495193000000.0,H,Residential,D,AAN1,H#,1000,5.0,1,0,0,0,0,0
355,8,42.908941999999996,-85.71096,41-17-15-253-008,0.0,"1855 Prairie Pkwy SW, Wyoming, MI 49519, USA",premise,495193000000.0,H,Residential,D,AAN1,H#,1000,3.0,1,0,0,0,0,0
356,9,42.909341999999995,-85.707323,41-17-15-226-081,0.0,"2997 Burlingame Ave SW, Wyoming, MI 49519, USA",street_address,495095000000.0,H,Residential,D,AAN1,H#,890,3.0,0,0,0,0,0,0
357,10,42.910016999999996,-85.724133,41-17-15-103-025,0.0,"3010 Byron Center Ave SW, Wyoming, MI 49519, USA",premise,495196000000.0,H,Residential,D,AAN1,H#,1000,3.0,1,0,0,0,0,0
358,11,42.910076000000004,-85.72279,41-17-15-103-027,0.0,"2320 30th St SW, Wyoming, MI 49519, USA",premise,495196000000.0,H,Residential,D,AAN1,H#,1000,3.0,1,0,0,0,0,0
359,12,42.914390000000004,-85.682386,41-17-12-353-109,0.0,"2769 Longstreet Ave SW, Wyoming, MI 49509, USA",premise,495092000000.0,H,Residential,D,AAN1,H#,1000,3.0,1,0,0,0,0,0
360,13,42.914652000000004,-85.682397,41-17-12-353-108,0.0,"2735 Longstreet Ave SW, Wyoming, MI 49509, USA",premise,495092000000.0,H,Residential,D,AAN1,H#,1000,3.0,1,0,0,0,0,0
361,14,42.914846999999995,-85.600385,41-18-10-377-037,0.0,"2764 Woodmeadow Dr SE, Grand Rapids, MI 49546, USA",premise,495468000000.0,H,Residential,D,AAN1,H#,1133,3.0,1,1,1,0,0,0
362,15,42.914972999999996,-85.691578,41-17-11-453-031,0.0,"2715 Jenkins Ave SW, Wyoming, MI 49509, USA",premise,495092000000.0,H,Residential,D,AAN1,H#,1000,3.0,1,0,0,0,0,0
363,16,42.921296999999996,-85.71493199999998,41-17-10-255-012,0.0,"1943 Porter St SW, Wyoming, MI 49519, USA",premise,495192000000.0,H,Residential,D,AAN1,H#,890,5.0,0,0,0,0,0,0
364,17,42.922022999999996,-85.724378,41-17-10-151-030,0.0,"2338 Byron Center Ave SW, Wyoming, MI 49519, USA",establishment,495192000000.0,H,Residential,D,AAN1,H#,1185,5.0,1,1,1,1,0,0
365,18,42.922492999999996,-85.69524200000002,41-17-11-251-051,0.0,"2223 Michael Ave SW, Wyoming, MI 49509, USA",street_address,495092000000.0,H,Residential,D,AAN1,H#,900,5.0,0,0,0,0,0,0
366,19,42.924217999999996,-85.57255,41-18-11-240-023,0.0,"3902 Whispering Way Dr SE, Grand Rapids, MI 49546, USA",street_address,495466000000.0,H,Residential,D,AAN1,H#L#,1029,5.0,1,1,0,0,0,0
367,20,42.932078999999995,-85.658569,41-18-06-329-024,0.0,"1719 Madison Ave SE, Grand Rapids, MI 49507, USA",street_address,495073000000.0,H,Residential,D,AAN1,H#,900,5.0,0,0,0,0,0,0
368,21,42.933021000000004,-85.348134,41-20-02-352-021,0.0,"140 N Pleasant Ave, Lowell, MI 49331, USA",street_address,493311000000.0,H,Residential,D,AAN1,H#L#,1200,5.0,1,1,1,1,0,0
369,22,42.952220000000004,-85.61264399999997,41-14-33-276-026,0.0,"555 Lakeside Dr SE, East Grand Rapids, MI 49506, USA",street_address,495063000000.0,H,Residential,D,AAN1,H#,1400,0.75,1,1,1,1,1,1
370,23,42.952566999999995,-85.652637,41-14-31-231-038,0.0,"532 James Ave SE, Grand Rapids, MI 49503, USA",establishment,495035000000.0,H,Residential,D,AAN1,H#,1200,0.75,1,1,1,1,0,0
371,24,42.953753999999996,-85.65986600000002,41-14-31-135-003,0.0,"348 Logan St SE, Grand Rapids, MI 49503, USA",premise,495035000000.0,H,Residential,D,AAN1,H#,1250,0.75,1,1,1,1,1,0
372,25,42.955391999999996,-85.65097800000002,41-14-31-228-004,0.0,"714 Wealthy St SE, Grand Rapids, MI 49503, USA",premise,495036000000.0,H,Residential,D,AAN1,H#,1200,0.75,1,1,1,1,0,0
373,26,42.955614000000004,-85.539019,41-15-31-201-061,0.0,"452 Spaulding Hills Cir SE, Ada, MI 49301, USA",street_address,493018000000.0,H,Residential,D,AAN1,H#,1389,0.75,1,1,1,1,1,1
374,27,42.955740999999996,-85.634343,41-14-29-481-019,0.0,"1415 Wealthy St SE, Grand Rapids, MI 49506, USA",establishment,495063000000.0,H,Residential,D,AAN1,H#,1400,0.33,1,1,1,1,1,1
375,28,42.955783000000004,-85.644143,41-14-29-379-020,0.0,"1005 Wealthy St SE, Grand Rapids, MI 49506, USA",bar,495063000000.0,H,Residential,D,AAN1,H#,1400,0.33,1,1,1,1,1,1
376,29,42.955859000000004,-85.64574300000002,41-14-29-359-023,0.0,"929 Wealthy St SE, Grand Rapids, MI 49506, USA",premise,495062000000.0,H,Residential,D,AAN1,H#,1400,0.33,1,1,1,1,1,1
377,30,42.958304999999996,-85.676365,41-13-25-456-009,0.0,"234 Market Ave SW, Grand Rapids, MI 49503, USA",establishment,495034000000.0,H,Residential,D,AAN1,H#,2550,0.33,1,1,1,1,1,1
378,31,42.959008000000004,-85.644796,41-14-29-355-021,0.0,"215 Diamond Ave SE, Grand Rapids, MI 49506, USA",premise,495062000000.0,H,Residential,D,AAN1,H#,1400,0.33,1,1,1,1,1,1
379,32,42.959179999999996,-85.661098,41-14-30-377-002,0.0,"314 Cherry St SE, Grand Rapids, MI 49503, USA",premise,495035000000.0,H,Residential,D,AAN1,H#,1400,0.33,1,1,1,1,1,1
380,33,42.960359000000004,-85.652879,41-14-30-432-008,0.0,"636 Kellogg St SE, Grand Rapids, MI 49503, USA",street_address,495035000000.0,H,Residential,D,AAN1,H#,1200,0.33,1,1,1,1,0,0
381,34,42.960592999999996,-85.664495,41-14-30-309-024,0.0,"148 Oakes St SE, Grand Rapids, MI 49503, USA",street_address,495034000000.0,H,Residential,D,AAN1,H#,1400,0.33,1,1,1,1,1,1
382,35,42.961104999999996,-85.66197700000002,41-14-30-329-004,0.0,"254 Washington St SE, Grand Rapids, MI 49503, USA",premise,495034000000.0,H,Residential,D,AAN1,H#,1400,0.5,1,1,1,1,1,1
383,36,42.961265000000004,-85.656115,41-14-30-404-002,0.0,"50 College Ave SE, Grand Rapids, MI 49503, USA",premise,495034000000.0,H,Residential,D,AAN1,H#,1300,0.5,1,1,1,1,1,1
384,37,42.961909999999996,-85.660542,41-14-30-327-015,0.0,"37 Prospect Ave SE, Grand Rapids, MI 49503, USA",premise,495034000000.0,H,Residential,D,AAN1,H#,1300,0.5,1,1,1,1,1,1
385,38,42.962998999999996,-85.643236,41-14-29-182-015,0.0,"1033 Fulton St E, Grand Rapids, MI 49503, USA",premise,495034000000.0,H,Residential,D,AAN1,H#,1200,0.5,1,1,1,1,0,0
386,39,42.964822999999996,-85.658395,41-14-30-253-003,0.0,"442 Fountain St NE, Grand Rapids, MI 49503, USA",premise,495036000000.0,H,Residential,D,AAN1,H#,1300,0.5,1,1,1,1,1,1
387,40,42.964907000000004,-85.662237,41-14-30-182-013,0.0,"65 Lafayette Ave NE, Grand Rapids, MI 49503, USA",premise,495033000000.0,H,Residential,D,AAN1,H#,1360,0.5,1,1,1,1,1,1
388,41,42.965053999999995,-85.659707,41-14-30-185-001,0.0,"404 Fountain St NE, Grand Rapids, MI 49503, USA",premise,495036000000.0,H,Residential,D,AAN1,H#,1300,0.5,1,1,1,1,1,1
389,42,42.965610999999996,-85.660815,41-14-30-180-010,0.0,"321 Fountain St NE, Grand Rapids, MI 49503, USA",premise,495036000000.0,H,Residential,D,AAN1,H#,1360,0.5,1,1,1,1,1,1
390,43,42.966601000000004,-85.662325,41-14-30-177-009,0.0,"143 Lafayette Ave NE, Grand Rapids, MI 49503, USA",street_address,495033000000.0,H,Residential,D,AAN1,H#,1360,0.5,1,1,1,1,1,1
391,44,42.966846999999994,-85.670609,41-13-25-277-021,0.0,"161 Ottawa Ave NW, Grand Rapids, MI 49503, USA",street_address,495033000000.0,H,Residential,D,AAN1,LI#H#,2550,0.5,1,1,1,1,1,1
392,347,42.967677,-85.662458,41-14-30-130-010,0.0,"231 Lyon St NE, Grand Rapids, MI 49503, USA",premise,495033000000.0,H,Residential,D,AAN1,H#,1300,1.0,1,1,1,1,1,1
393,348,42.967736,-85.6573,41-14-30-203-028,0.0,"209 College Ave NE, Grand Rapids, MI 49503, USA",premise,495036000000.0,H,Residential,D,AAN1,H#,1339,1.0,1,1,1,1,1,1
394,349,42.967894,-85.654145,41-14-30-231-002,0.0,"606 Innes St NE, Grand Rapids, MI 49503, USA",premise,495036000000.0,H,Residential,D,AAN1,H#,1700,1.0,1,1,1,1,1,1
395,350,42.9679,-85.67071999999997,41-13-25-227-013,0.0,"111 Lyon St NW, Grand Rapids, MI 49503, USA",establishment,495032000000.0,H,Residential,D,AAN1,H#,2550,1.0,1,1,1,1,1,1
396,352,42.967962,-85.661556,41-14-30-131-008,0.0,"216 Lafayette Ave NE, Grand Rapids, MI 49503, USA",premise,495036000000.0,H,Residential,D,AAN1,H#,1195,1.0,1,1,1,1,0,0
397,354,42.968123,-85.66238100000002,41-14-30-130-007,0.0,"223 Lafayette Ave NE, Grand Rapids, MI 49503, USA",premise,495033000000.0,H,Residential,D,AAN1,H#,1300,1.0,1,1,1,1,1,1
398,356,42.968333,-85.66072,41-14-30-132-002,0.0,"229 Prospect Ave NE, Grand Rapids, MI 49503, USA",premise,495036000000.0,H,Residential,D,AAN1,H#,1300,1.0,1,1,1,1,1,1
399,357,42.968343,-85.66143199999998,41-14-30-131-005,0.0,"230 Lafayette Ave NE, Grand Rapids, MI 49503, USA",premise,495033000000.0,H,Residential,D,AAN1,H#,1195,1.0,1,1,1,1,0,0
400,358,42.968362,-85.667167,41-14-30-106-001,0.0,"22 Crescent St NE, Grand Rapids, MI 49503, USA",establishment,495033000000.0,H,Residential,D,AAN1,H#,2550,1.0,1,1,1,1,1,1
401,359,42.968517,-85.65988399999998,41-14-30-133-004,0.0,"236 Prospect Ave NE, Grand Rapids, MI 49503, USA",premise,495033000000.0,H,Residential,D,AAN1,H#,1300,1.0,1,1,1,1,1,1
402,360,42.96852,-85.661436,41-14-30-131-004,0.0,"238 Lafayette Ave NE, Grand Rapids, MI 49503, USA",street_address,495033000000.0,H,Residential,D,AAN1,H#,1195,1.0,1,1,1,1,0,0
403,361,42.968601,-85.656006,41-14-30-204-005,0.0,"520 Crescent St NE, Grand Rapids, MI 49503, USA",premise,495036000000.0,H,Residential,D,AAN1,H#,1339,1.0,1,1,1,1,1,1
404,362,42.968624,-85.660728,41-14-30-132-001,0.0,"253 Prospect Ave NE, Grand Rapids, MI 49503, USA",street_address,495033000000.0,H,Residential,D,AAN1,H#,1300,1.0,1,1,1,1,1,1
405,363,42.96863,-85.65951,41-14-30-133-005,0.0,"416 Crescent St NE, Grand Rapids, MI 49503, USA",premise,495033000000.0,H,Residential,D,AAN1,H#,1339,1.0,1,1,1,1,1,1
406,364,42.969157,-85.66239399999998,41-14-30-126-031,0.0,"235 Crescent St NE, Grand Rapids, MI 49503, USA",premise,495033000000.0,H,Residential,D,AAN1,H#,1195,1.0,1,1,1,1,0,0
407,365,42.969161,-85.630865,41-14-29-228-014,0.0,"1542 Michigan St NE, Grand Rapids, MI 49503, USA",premise,495032000000.0,H,Residential,D,AAN1,H#,1400,1.0,1,1,1,1,1,1
408,366,42.969214,-85.660901,41-14-30-127-016,0.0,"325 Crescent St NE, Grand Rapids, MI 49503, USA",street_address,495033000000.0,H,Residential,D,AAN1,H#,1275,1.0,1,1,1,1,1,1
409,367,42.969263,-85.656352,41-14-30-202-025,0.0,"513 Crescent St NE, Grand Rapids, MI 49503, USA",premise,495033000000.0,H,Residential,D,AAN1,H#,1339,1.0,1,1,1,1,1,1
410,368,42.969465,-85.66226800000003,41-14-30-126-027,0.0,"317 Lafayette Ave NE, Grand Rapids, MI 49503, USA",premise,495036000000.0,H,Residential,D,AAN1,H#,1195,1.0,1,1,1,1,0,0
411,369,42.969509,-85.660751,41-14-30-127-011,0.0,"317 Prospect Ave NE, Grand Rapids, MI 49503, USA",premise,495033000000.0,H,Residential,D,AAN1,H#,1275,1.0,1,1,1,1,1,1
412,370,42.969526,-85.659784,41-14-30-128-007,0.0,"312 Prospect Ave NE, Grand Rapids, MI 49503, USA",premise,495036000000.0,H,Residential,D,AAN1,H#,1339,1.0,1,1,1,1,1,1
413,371,42.969571,-85.683305,41-13-25-108-014,0.0,"612 Douglas St NW, Grand Rapids, MI 49504, USA",street_address,495046000000.0,H,Residential,D,AAN1,H#,2399,1.0,1,1,1,1,1,1
414,372,42.96968,-85.660753,41-14-30-127-010,0.0,"323 Prospect Ave NE, Grand Rapids, MI 49503, USA",premise,495033000000.0,H,Residential,D,AAN1,H#,1275,1.0,1,1,1,1,1,1
415,373,42.969794,-85.65601,41-14-30-202-008,0.0,"522 Michigan St NE, Grand Rapids, MI 49503, USA",premise,495036000000.0,H,Residential,D,AAN1,H#,1700,1.0,1,1,1,1,1,1
416,374,42.969837,-85.652247,41-14-30-227-021,0.0,"658 Michigan St NE, Grand Rapids, MI 49503, USA",establishment,495034000000.0,H,Residential,D,AAN1,H#,1339,1.0,1,1,1,1,1,1
417,375,42.96987100000001,-85.65472700000002,41-14-30-202-021,0.0,"556 Michigan St NE, Grand Rapids, MI 49503, USA",premise,495033000000.0,H,Residential,D,AAN1,H#,1339,1.0,1,1,1,1,1,1
418,376,42.970268,-85.65431099999998,41-14-19-480-041,0.0,"601 Michigan St NE, Grand Rapids, MI 49503, USA",street_address,495033000000.0,H,Residential,D,AAN1,H#,1339,1.0,1,1,1,1,1,1
419,378,42.970526,-85.672668,41-13-24-485-001,0.0,"201 Michigan St NW, Grand Rapids, MI 49503, USA",street_address,495032000000.0,H,Residential,D,AAN1,H#,2550,1.0,1,1,1,1,1,1
420,379,42.970555,-85.688058,41-13-26-227-004,0.0,"808 Bridge St NW, Grand Rapids, MI 49504, USA",premise,495046000000.0,H,Residential,D,AAN1,H#,1500,1.0,1,1,1,1,1,1
421,381,42.971061,-85.689092,41-13-23-482-018,0.0,"835 Bridge St NW, Grand Rapids, MI 49504, USA",premise,495046000000.0,H,Residential,D,AAN1,H#,1500,1.0,1,1,1,1,1,1
422,382,42.971158,-85.693924,41-13-23-458-032,0.0,"1035 Bridge St NW, Grand Rapids, MI 49504, USA",premise,495045000000.0,H,Residential,D,AAN1,H#,1500,1.0,1,1,1,1,1,1
423,384,42.971418,-85.681904,41-13-24-382-001,0.0,"421 Alabama Ave NW, Grand Rapids, MI 49504, USA",establishment,495045000000.0,H,Residential,D,AAN1,H#,1500,1.0,1,1,1,1,1,1
424,385,42.971428,-85.695748,41-13-23-457-012,0.0,"413 Barker Ave NW, Grand Rapids, MI 49504, USA",premise,495045000000.0,H,Residential,D,AAN1,H#,1500,1.0,1,1,1,1,1,1
425,386,42.97163,-85.68507199999998,41-13-24-359-008,0.0,"439 Stocking Ave NW, Grand Rapids, MI 49504, USA",beauty_salon,495046000000.0,H,Residential,D,AAN1,H#,1500,1.0,1,1,1,1,1,1
426,389,42.97211,-85.609183,41-14-22-300-025,0.0,"500 Maryland Ct NE, Grand Rapids, MI 49503, USA",street_address,495032000000.0,H,Residential,D,AAN1,H#,1435,1.0,1,1,1,1,1,1
427,391,42.972367,-85.667488,41-14-19-351-011,0.0,"501 Fairview Ave NE, Grand Rapids, MI 49503, USA",premise,495032000000.0,H,Residential,D,AAN1,H#,2399,1.0,1,1,1,1,1,1
428,392,42.972796,-85.745517,41-13-21-351-006,0.0,"3121 Lake Michigan Dr, Grand Rapids, MI 49504, USA",street_address,495046000000.0,H,Residential,D,AAN1,H#L#,1500,1.0,1,1,1,1,1,1
429,393,42.97285,-85.656085,41-14-19-453-014,0.0,"510 College Ave NE, Grand Rapids, MI 49503, USA",premise,495032000000.0,H,Residential,D,AAN1,H#,1339,1.0,1,1,1,1,1,1
430,394,42.973851,-85.66344699999998,41-14-19-332-033,0.0,"221 Trowbridge St NE, Grand Rapids, MI 49503, USA",establishment,495032000000.0,H,Residential,D,AAN1,H#,1700,1.0,1,1,1,1,1,1
431,395,42.973914,-85.672011,41-13-24-440-029,0.0,"600 Monroe Ave NW, Grand Rapids, MI 49503, USA",premise,495031000000.0,H,Residential,D,AAN1,H#,1565,1.0,1,1,1,1,1,1
432,396,42.973982,-85.64873100000001,41-14-20-304-017,0.0,"601 Emerald Ave NE, Grand Rapids, MI 49503, USA",premise,495032000000.0,H,Residential,D,AAN1,H#,1339,1.0,1,1,1,1,1,1
433,397,42.974224,-85.679233,41-13-24-335-001,0.0,"600 Broadway Ave NW, Grand Rapids, MI 49504, USA",doctor,495047000000.0,H,Residential,D,AAN1,H#,1565,2.0,1,1,1,1,1,1
434,399,42.974576,-85.683414,41-13-24-315-020,0.0,"612 4th St NW, Grand Rapids, MI 49504, USA",premise,495046000000.0,H,Residential,D,AAN1,H#,1565,2.0,1,1,1,1,1,1
435,400,42.974989,-85.679968,41-13-24-330-019,0.0,"433 4th St NW, Grand Rapids, MI 49504, USA",street_address,495047000000.0,H,Residential,D,AAN1,LI#H#,1565,2.0,1,1,1,1,1,1
436,401,42.976776,-85.672861,41-13-24-441-001,0.0,"801 Monroe Ave NW, Grand Rapids, MI 49503, USA",establishment,495031000000.0,H,Residential,D,AAN1,H#,1565,2.0,1,1,1,1,1,1
437,402,42.97726,-85.640277,41-14-20-328-015,0.0,"831 Fuller Ave NE, Grand Rapids, MI 49503, USA",premise,495032000000.0,H,Residential,D,AAN1,H#,1339,2.0,1,1,1,1,1,1
438,403,42.977267,-85.657331,41-14-19-402-013,0.0,"781 College Ave NE, Grand Rapids, MI 49503, USA",street_address,495032000000.0,H,Residential,D,AAN1,H#,1339,2.0,1,1,1,1,1,1
439,404,42.977313,-85.66642900000002,41-14-19-303-002,0.0,"817 Livingston Ave NE, Grand Rapids, MI 49503, USA",establishment,495032000000.0,H,Residential,D,AAN1,H#,1565,2.0,1,1,1,1,1,1
440,405,42.978364,-85.661635,41-14-19-183-009,0.0,"830 Lafayette Ave NE, Grand Rapids, MI 49503, USA",car_repair,495032000000.0,H,Residential,D,AAN1,H#,1650,2.0,1,1,1,1,1,1
441,406,42.97853900000001,-85.64684,41-14-20-155-014,0.0,"875 Houseman Ave NE, Grand Rapids, MI 49503, USA",premise,495032000000.0,H,Residential,D,AAN1,H#,1339,2.0,1,1,1,1,1,1
442,407,42.978643,-85.679024,41-13-24-179-027,0.0,"419 8th St NW, Grand Rapids, MI 49504, USA",premise,495044000000.0,H,Residential,D,AAN1,H#,1565,2.0,1,1,1,1,1,1
443,408,42.979192,-85.67164,41-13-24-285-001,0.0,"940 Monroe Ave NW UNIT 345, Grand Rapids, MI 49503, USA",establishment,495031000000.0,H,Residential,Y,AABB,,1565,2.0,1,1,1,1,1,1
444,409,42.979924,-85.688209,41-13-23-281-020,0.0,"901 Alpine Ave NW, Grand Rapids, MI 49504, USA",establishment,495044000000.0,H,Residential,D,AAN1,H#,1565,2.0,1,1,1,1,1,1
445,410,42.980422,-85.67223,41-13-24-276-003,0.0,"1001 Monroe Ave NW, Grand Rapids, MI 49503, USA",establishment,495031000000.0,H,Residential,D,AAN1,H#,1565,2.0,1,1,1,1,1,1
446,411,42.98063300000001,-85.655422,41-14-19-252-015,0.0,"536 Cedar St NE, Grand Rapids, MI 49503, USA",premise,495032000000.0,H,Residential,D,AAN1,H#,1700,2.0,1,1,1,1,1,1
447,412,42.980654,-85.65620600000003,41-14-19-252-016,0.0,"500 Cedar St NE, Grand Rapids, MI 49503, USA",premise,495032000000.0,H,Residential,D,AAN1,H#,1700,2.0,1,1,1,1,1,1
448,413,42.980978,-85.71347,41-13-22-252-038,0.0,"930 Edison Ave NW, Grand Rapids, MI 49504, USA",street_address,495044000000.0,H,Residential,D,AAN1,H#,1185,2.0,1,1,1,1,0,0
449,414,42.981095,-85.68386600000002,41-13-24-154-003,0.0,"948 Muskegon Ave NW, Grand Rapids, MI 49504, USA",premise,495044000000.0,H,Residential,D,AAN1,H#,1500,2.0,1,1,1,1,1,1
450,415,42.981347,-85.685852,41-13-24-152-013,0.0,"957 Davis Ave NW, Grand Rapids, MI 49504, USA",establishment,495044000000.0,H,Residential,D,AAN1,H#,1565,2.0,1,1,1,1,1,1
451,416,42.981694,-85.685863,41-13-24-105-030,0.0,"707 11th St NW, Grand Rapids, MI 49504, USA",street_address,495044000000.0,H,Residential,D,AAN1,H#,1565,2.0,1,1,1,1,1,1
452,419,42.983075,-85.668865,41-13-24-229-008,0.0,"1115 Taylor Ave N, Grand Rapids, MI 49503, USA",street_address,495031000000.0,H,Residential,D,AAN1,H#,1565,2.0,1,1,1,1,1,1
453,420,42.983449,-85.628194,41-14-21-101-045,0.0,"1630 Leonard St NE, Grand Rapids, MI 49505, USA",street_address,495056000000.0,H,Residential,D,AAN1,H#,1272,2.0,1,1,1,1,1,1
454,422,42.984237,-85.649233,41-14-20-101-040,0.0,"810 Leonard St NE, Grand Rapids, MI 49503, USA",establishment,495031000000.0,H,Residential,D,AAN1,H#,1339,2.0,1,1,1,1,1,1
455,423,42.984546,-85.777748,41-13-19-126-002,0.0,"1101 Wilson Ave NW, Walker, MI 49534, USA",premise,495348000000.0,H,Residential,D,AAN1,H#,1225,2.0,1,1,1,1,1,0
456,424,42.984682,-85.67976999999998,41-13-24-129-002,0.0,"452 Leonard St NW, Grand Rapids, MI 49504, USA",establishment,495044000000.0,H,Residential,D,AAN1,H#,1500,2.0,1,1,1,1,1,1
457,425,42.98471,-85.679249,41-13-24-129-006,0.0,"442 Leonard St NW, Grand Rapids, MI 49504, USA",premise,495044000000.0,H,Residential,D,AAN1,H#,1565,2.0,1,1,1,1,1,1
458,427,42.984725,-85.67987600000002,41-13-24-129-001,0.0,"452 Leonard St NW, Grand Rapids, MI 49504, USA",establishment,495044000000.0,H,Residential,D,AAN1,H#,1500,2.0,1,1,1,1,1,1
459,431,42.985105,-85.678551,41-13-13-385-018,0.0,"421 Leonard St NW, Grand Rapids, MI 49504, USA",street_address,495044000000.0,H,Residential,D,AAN1,H#,1565,2.0,1,1,1,1,1,1
460,432,42.985154,-85.681523,41-13-13-382-017,0.0,"537 Leonard St NW, Grand Rapids, MI 49504, USA",bar,495044000000.0,H,Residential,D,AAN1,H#,1565,2.0,1,1,1,1,1,1
461,434,42.985213,-85.680871,41-13-13-383-017,0.0,"521 Leonard St NW, Grand Rapids, MI 49504, USA",establishment,495044000000.0,H,Residential,D,AAN1,H#,1565,2.0,1,1,1,1,1,1
462,435,42.985287,-85.66671,41-14-18-382-031,0.0,"1224 Plainfield Ave NE, Grand Rapids, MI 49505, USA",establishment,495055000000.0,H,Residential,D,AAN1,H#,1565,2.0,1,1,1,1,1,1
463,436,42.985614,-85.69189899999998,41-13-14-481-016,0.0,"933 Leonard St NW, Grand Rapids, MI 49504, USA",premise,495044000000.0,H,Residential,D,AAN1,H#,1500,2.0,1,1,1,1,1,1
464,438,42.985746,-85.71777800000002,41-13-22-128-010,0.0,"2000 Leonard St NW, Grand Rapids, MI 49504, USA",atm,495044000000.0,H,Residential,D,AAN1,H#,1500,2.0,1,1,1,1,1,1
465,439,42.985791,-85.663732,41-14-18-380-045,0.0,"215 Carrier St NE, Grand Rapids, MI 49505, USA",premise,495057000000.0,H,Residential,D,AAN1,H#,1565,2.0,1,1,1,1,1,1
466,440,42.986288,-85.667106,41-14-18-355-010,0.0,"1251 Plainfield Ave NE, Grand Rapids, MI 49505, USA",premise,495055000000.0,H,Residential,D,AAN1,H#,1565,2.0,1,1,1,1,1,1
467,441,42.986962,-85.636403,41-14-17-451-058,0.0,"1319 Leonard St NE, Grand Rapids, MI 49505, USA",street_address,495056000000.0,H,Residential,D,AAN1,H#,1650,2.0,1,1,1,1,1,1
468,443,42.987293,-85.75416700000002,41-13-17-454-008,0.0,"1230 Walker Village Dr NW, Grand Rapids, MI 49534, USA",street_address,495348000000.0,H,Residential,D,AAN1,H#,1225,2.0,1,1,1,1,1,0
469,444,42.98856,-85.66433599999998,41-14-18-334-008,0.0,"1414 Plainfield Ave NE, Grand Rapids, MI 49505, USA",premise,495057000000.0,H,Residential,D,AAN1,H#,1565,2.0,1,1,1,1,1,1
470,445,42.989406,-85.66982,41-13-13-430-003,0.0,"210, 1430 Monroe Ave NW, Grand Rapids, MI 49505, USA",street_address,495055000000.0,H,Residential,D,AAN1,H#,1565,2.0,1,1,1,1,1,1
471,446,42.989494,-85.643597,41-14-17-326-003,0.0,"1485 Burke Ave NE, Grand Rapids, MI 49505, USA",street_address,495055000000.0,H,Residential,D,AAN1,H#,1339,2.0,1,1,1,1,1,1
472,447,42.989514,-85.60665,41-14-15-315-007,0.0,"1530 Beckwith View Ave NE, Grand Rapids, MI 49505, USA",street_address,495057000000.0,H,Residential,D,AAN1,H#,1435,2.0,1,1,1,1,1,1
473,448,42.991937,-85.6793,41-13-13-328-034,0.0,"1569 Broadway Ave NW, Grand Rapids, MI 49504, USA",premise,495043269990.0,H,Residential,D,AAN1,H#,1375,2.0,1,1,1,1,1,1
474,449,42.993505,-85.756367,41-13-17-401-001,0.0,"3601 Remembrance Rd NW, Walker, MI 49534, USA",premise,495347728993.0,H,Residential,D,AAN1,H#,1225,2.0,1,1,1,1,1,0
475,450,42.996102,-85.659255,41-14-18-205-002,0.0,"1823 Plainfield Ave NE, Grand Rapids, MI 49505, USA",establishment,495054719998.0,H,Residential,D,AAN1,H#,1375,2.0,1,1,1,1,1,1
476,451,42.997104,-85.703675,41-13-14-103-015,0.0,"1422 Willis Ct NW, Grand Rapids, MI 49504, USA",street_address,495048505992.0,H,Residential,D,AAN1,H#,1500,2.0,1,1,1,1,1,1
477,453,42.999333,-85.65786,41-14-07-457-010,0.0,"445 Knapp St NE, Grand Rapids, MI 49505, USA",street_address,495054104990.0,H,Residential,D,AAN1,H#,1050,2.0,1,1,0,0,0,0
478,454,42.999364,-85.625682,41-14-09-351-016,0.0,"1769 Knapp St NE, Grand Rapids, MI 49505, USA",street_address,495054374991.0,H,Residential,D,AAN1,H#,1272,2.0,1,1,1,1,1,1
479,455,42.999388,-85.655815,41-14-07-481-001,0.0,"511 Knapp St NE, Grand Rapids, MI 49505, USA",street_address,495054267990.0,H,Residential,D,AAN1,H#,1050,2.0,1,1,0,0,0,0
480,456,43.00334,-85.65386600000002,41-14-07-404-020,0.0,"2221 Plainfield Ave NE, Grand Rapids, MI 49505, USA",street_address,495054202991.0,H,Residential,D,AAN1,H#,1050,2.0,1,1,0,0,0,0
481,458,43.010875,-85.737258,41-13-09-203-003,0.0,"2549 Sandy Ridge Dr NW, Walker, MI 49534, USA",street_address,495341353995.0,H,Residential,D,AAN1,H#,1185,2.0,1,1,1,1,0,0
482,460,43.020429,-85.63231999999998,41-14-05-278-037,0.0,"3175 Plaza Dr NE, Grand Rapids, MI 49525, USA",street_address,495252917998.0,H,Residential,D,AAN1,H#,1272,2.0,1,1,1,1,1,1
483,461,43.021854,-85.65845999999998,41-14-06-257-001,0.0,"436 N Park St NE, Grand Rapids, MI 49525, USA",premise,495252597994.0,H,Residential,D,AAN1,H#,1209,2.0,1,1,1,1,1,0
484,462,43.02192700000001,-85.65866899999997,41-14-06-256-007,0.0,"432 N Park St NE, Grand Rapids, MI 49525, USA",premise,495252517992.0,H,Residential,D,AAN1,H#,1209,2.0,1,1,1,1,1,0
485,463,43.023517,-85.682902,41-13-01-176-011,0.0,"525 Tamarack Trail, Walker, MI 49544, USA",street_address,495448561996.0,H,Residential,D,AAN1,H#L#,1050,2.0,1,1,0,0,0,0
486,464,43.024589,-85.634661,41-14-05-201-014,0.0,"1361 Elmdale St NE, Grand Rapids, MI 49525, USA",establishment,495252700998.0,H,Residential,D,AAN1,H#,1209,2.0,1,1,1,1,1,0
487,465,43.027276,-85.692146,41-13-02-276-018,0.0,"910 4 Mile Rd NW, Walker, MI 49544, USA",street_address,495447390997.0,H,Residential,D,AAN1,H#,1375,2.0,1,1,1,1,1,1
488,466,43.033701,-85.63095799999998,41-10-32-429-003,0.0,"3900 Mayfield Ave NE, Grand Rapids, MI 49525, USA",street_address,495252306996.0,H,Residential,D,AAN1,H#,1209,2.0,1,1,1,1,1,0
489,467,43.033954,-85.629929,41-10-32-429-004,0.0,"3910 Mayfield Ave NE, Grand Rapids, MI 49525, USA",street_address,495256619995.0,H,Residential,D,AAN1,H#,1209,2.0,1,1,1,1,1,0
490,468,43.03412,-85.666021,41-10-31-303-005,0.0,"3955 W River Dr NE, Comstock Park, MI 49321, USA",premise,493218998999.0,H,Residential,D,AAN1,H#N#,1209,2.0,1,1,1,1,1,0
491,470,43.03577,-85.684251,41-09-36-301-040,0.0,"3986 Yorkland Dr NW, Comstock Park, MI 49321, USA",street_address,493218448999.0,H,Residential,D,AAN1,H#,1209,2.0,1,1,1,1,1,0
492,471,43.036923,-85.63064200000002,41-10-32-200-009,0.0,"1501 Woodworth St NE, Grand Rapids, MI 49525, USA",street_address,495256631991.0,H,Residential,D,AAN1,H#,1209,2.0,1,1,1,1,1,0
493,472,43.038409,-85.6085,41-10-34-101-011,0.0,"2431 Northville Dr NE, Grand Rapids, MI 49525, USA",street_address,495251867995.0,H,Residential,D,AAN1,H#,1006,10.0,1,0,0,0,0,0
494,473,43.039318,-85.686808,41-09-36-151-021,0.0,"3907-3911 Yorkland Dr NW, Comstock Park, MI 49321, USA",establishment,493218815991.0,H,Residential,S,AACC,N#S#,1209,10.0,1,1,1,1,1,0
495,474,43.039888,-85.68186899999998,41-09-36-176-013,0.0,"4239 Chasseral Dr NW, Comstock Park, MI 49321, USA",street_address,493218633993.0,H,Residential,D,AAN1,H#,1209,10.0,1,1,1,1,1,0
496,475,43.040547,-85.685926,41-09-36-101-043,0.0,"4243 Alpenhorn Dr NW, Comstock Park, MI 49321, USA",street_address,493218601998.0,H,Residential,D,AAN1,H#,1209,10.0,1,1,1,1,1,0
497,476,43.040618,-85.684263,41-09-36-126-022,0.0,"4263 Alpenhorn Dr NW, Comstock Park, MI 49321, USA",street_address,493218611997.0,H,Residential,D,AAN1,H#,1209,10.0,1,1,1,1,1,0
498,477,43.040673,-85.60278199999998,41-10-34-126-011,0.0,"2680 Northvale Dr NE, Grand Rapids, MI 49525, USA",street_address,495251769994.0,H,Residential,D,AAN1,H#,1006,10.0,1,0,0,0,0,0
499,479,43.041638,-85.68427700000002,41-09-36-126-021,0.0,"4251 Alpenhorn Dr NW, Comstock Park, MI 49321, USA",street_address,493218605994.0,H,Residential,D,AAN1,H#,1209,10.0,1,1,1,1,1,0
500,480,43.047357,-85.693326,41-09-26-426-022,0.0,"4645 Aldun Ridge Ave NW, Comstock Park, MI 49321, USA",street_address,493219032999.0,H,Residential,D,AAN1,H#,1099,10.0,1,1,1,0,0,0
501,482,43.049319,-85.693904,41-09-26-426-026,0.0,"4755 Aldun Ridge Ave NW, Comstock Park, MI 49321, USA",street_address,493219054995.0,H,Residential,D,AAN1,H#,960,10.0,1,0,0,0,0,0
502,483,43.049782,-85.692583,41-09-26-426-033,0.0,"4775 Aldun Ridge Ave NW, Comstock Park, MI 49321, USA",premise,493219062996.0,H,Residential,D,AAN1,H#,1099,10.0,1,1,1,0,0,0
503,484,43.04981400000001,-85.655676,41-10-30-401-057,0.0,"4747 W River Dr NE, Comstock Park, MI 49321, USA",establishment,493218969991.0,H,Residential,D,AAN1,H#N#,940,10.0,0,0,0,0,0,0
504,485,43.063207,-85.687007,41-09-24-301-007,0.0,"5480 Alpine Ave NW, Comstock Park, MI 49321, USA",premise,493219789990.0,H,Residential,D,AAN1,H#,850,10.0,0,0,0,0,0,0
505,487,43.116765,-85.56840799999998,41-10-01-101-033,0.0,"174 W Division St NE, Rockford, MI 49341, USA",premise,493411525998.0,H,Residential,D,AAN1,H#,1099,10.0,1,1,1,0,0,0
506,488,43.118063,-85.769425,41-05-32-300-009,0.0,"8405 Fruit Ridge Ave, Sparta, MI 49345, USA",street_address,493458729991.0,H,Residential,D,AAN1,H#L#,1015,10.0,1,1,0,0,0,0
507,489,43.119632,-85.544881,41-07-31-376-006,0.0,"613 Hillview Pl, Rockford, MI 49341, USA",street_address,493411328997.0,H,Residential,D,AAN1,H#,1006,10.0,1,0,0,0,0,0
508,490,43.120407,-85.559883,41-06-36-459-001,0.0,"21 N Main St, Rockford, MI 49341, USA",establishment,493411297992.0,H,Residential,D,AAN1,H#,1006,10.0,1,0,0,0,0,0
509,491,43.126337,-85.550149,41-07-31-151-003,0.0,"330 Northland Dr NE, Rockford, MI 49341, USA",establishment,493411400996.0,H,Residential,D,AAN1,H#,1006,10.0,1,0,0,0,0,0
510,492,43.13081500000001,-85.546089,41-07-31-101-006,0.0,"9101 Courtland Dr NE, Rockford, MI 49341, USA",establishment,493419586993.0,H,Residential,D,AAN1,H#,1006,10.0,1,0,0,0,0,0
511,493,43.153612,-85.70774,41-05-23-153-016,0.0,"399 S Union St, Sparta, MI 49345, USA",establishment,493451534994.0,H,Residential,D,AAN1,H#,790,10.0,0,0,0,0,0,0
512,494,43.157242,-85.719308,41-05-22-251-019,0.0,"100 Ida Red Ave, Sparta, MI 49345, USA",premise,493451048994.0,H,Residential,D,AAN1,H#,790,10.0,0,0,0,0,0,0
513,495,43.158275,-85.719369,41-05-22-251-018,0.0,"65 Ida Red Ave, Sparta, MI 49345, USA",establishment,493451735991.0,H,Residential,D,AAN1,H#,790,10.0,0,0,0,0,0,0
514,496,43.159633,-85.718701,41-05-22-201-018,0.0,"34 Ida Red Ave, Sparta, MI 49345, USA",street_address,493451724993.0,H,Residential,D,AAN1,H#,790,10.0,0,0,0,0,0,0
515,497,43.16039,-85.709225,41-05-23-101-003,0.0,"34 E Division St, Sparta, MI 49345, USA",premise,493451413998.0,H,Residential,D,AAN1,H#,790,10.0,0,0,0,0,0,0
516,498,43.16050300000001,-85.705167,41-05-23-103-005,0.0,"200 E Division St, Sparta, MI 49345, USA",establishment,493451463993.0,H,Residential,D,AAN1,H#,790,10.0,0,0,0,0,0,0
517,499,43.161783,-85.550197,41-07-18-351-022,0.0,"10834 Northland Dr NE, Rockford, MI 49341, USA",street_address,493418606991.0,H,Residential,D,AAN1,H#,800,10.0,0,0,0,0,0,0
518,500,43.164636,-85.707753,41-05-14-304-025,0.0,"219 N Union St, Sparta, MI 49345, USA",premise,493451172996.0,H,Residential,D,AAN1,H#,790,10.0,0,0,0,0,0,0
519,501,43.176885,-85.551705,41-06-12-477-005,0.0,"11675 Northland Dr NE, Rockford, MI 49341, USA",premise,493417823991.0,H,Residential,D,AAN1,H#,800,10.0,0,0,0,0,0,0
520,502,43.21803,-85.750699,41-01-33-101-010,0.0,"82 S Main St, Kent City, MI 49330, USA",premise,493308992995.0,H,Residential,D,AAN1,H#,790,10.0,0,0,0,0,0,0
521,503,43.219793,-85.750935,41-01-28-353-004,0.0,"7 E Muskegon St, Kent City, MI 49330, USA",establishment,493308998999.0,H,Residential,D,AAN1,H#,790,10.0,0,0,0,0,0,0
522,504,43.222432,-85.714139,41-01-27-400-007,0.0,"14101 Sparta Ave, Kent City, MI 49330, USA",street_address,493309476997.0,H,Residential,D,AAN1,H#,790,10.0,0,0,0,0,0,0
523,505,43.2269,-85.550566,41-03-30-301-001,0.0,"190 N Main St NE, Cedar Springs, MI 49319, USA",premise,493198037998.0,H,Residential,D,AAN1,H#L#,800,10.0,0,0,0,0,0,0
524,351,42.967955,-85.662377,41-14-30-130-008,0.0,"215 Lafayette Ave NE, Grand Rapids, MI 49503, USA",premise,495033000000.0,H,Residential,D,AAN1,H#,1300,1.0,1,1,1,1,1,1
525,353,42.96809,-85.661425,41-14-30-131-007,0.0,"222 Lafayette Ave NE, Grand Rapids, MI 49503, USA",premise,495033000000.0,H,Residential,D,AAN1,H#,1195,1.0,1,1,1,1,0,0
526,355,42.968304,-85.662386,41-14-30-130-006,0.0,"231 Lafayette Ave NE, Grand Rapids, MI 49503, USA",premise,495036000000.0,H,Residential,D,AAN1,H#,1195,1.0,1,1,1,1,0,0
527,377,42.970505,-85.688661,41-13-26-227-001,0.0,"824 Bridge St NW, Grand Rapids, MI 49504, USA",premise,495046000000.0,H,Residential,D,AAN1,H#,1500,1.0,1,1,1,1,1,1
528,380,42.971054,-85.688828,41-13-23-482-020,0.0,"827 Bridge St NW, Grand Rapids, MI 49504, USA",premise,495046000000.0,H,Residential,D,AAN1,H#,1500,1.0,1,1,1,1,1,1
529,387,42.971757,-85.685203,41-13-24-359-002,0.0,"443 Stocking Ave NW, Grand Rapids, MI 49504, USA",premise,495045000000.0,H,Residential,D,AAN1,H#,1500,1.0,1,1,1,1,1,1
530,388,42.971965,-85.644214,41-14-20-379-003,0.0,"468 Diamond Ave NE, Grand Rapids, MI 49503, USA",street_address,495032000000.0,H,Residential,D,AAN1,H#,1339,1.0,1,1,1,1,1,1
531,390,42.972222,-85.718743,41-13-22-382-010,0.0,"435 Shawmut Blvd NW, Grand Rapids, MI 49504, USA",street_address,495045000000.0,H,Residential,D,AAN1,H#,1500,1.0,1,1,1,1,1,1
532,398,42.974501,-85.648736,41-14-20-304-013,0.0,"619 Emerald Ave NE, Grand Rapids, MI 49503, USA",premise,495032000000.0,H,Residential,D,AAN1,H#,1339,2.0,1,1,1,1,1,1
533,417,42.982429,-85.664905,41-14-19-106-003,0.0,"1070 Clancy Ave NE, Grand Rapids, MI 49503, USA",street_address,495031000000.0,H,Residential,D,AAN1,H#,1565,2.0,1,1,1,1,1,1
534,418,42.98244,-85.658181,41-14-19-204-025,0.0,"1041 College Ave NE, Grand Rapids, MI 49503, USA",street_address,495031000000.0,H,Residential,D,AAN1,H#,1650,2.0,1,1,1,1,1,1
535,421,42.983749,-85.700615,41-13-23-127-028,0.0,"1305 Walker Ave NW, Grand Rapids, MI 49504, USA",establishment,495044000000.0,H,Residential,D,AAN1,H#,1500,2.0,1,1,1,1,1,1
536,428,42.984759,-85.681157,41-13-24-128-001,0.0,"526 Leonard St NW, Grand Rapids, MI 49504, USA",premise,495044000000.0,H,Residential,D,AAN1,H#,1565,2.0,1,1,1,1,1,1
537,429,42.984877,-85.647963,41-14-17-352-059,0.0,"1210 Northfield Ave NE, Grand Rapids, MI 49505, USA",premise,495055000000.0,H,Residential,D,AAN1,H#,1339,2.0,1,1,1,1,1,1
538,430,42.98497,-85.687857,41-13-24-101-029,0.0,"754 Leonard St NW, Grand Rapids, MI 49504, USA",establishment,495045000000.0,H,Residential,D,AAN1,H#,1500,2.0,1,1,1,1,1,1
539,433,42.985204,-85.701411,41-13-23-126-043,0.0,"1336 Leonard St NW, Grand Rapids, MI 49504, USA",establishment,495043000000.0,H,Residential,D,AAN1,H#,1500,2.0,1,1,1,1,1,1
540,437,42.98562,-85.692086,41-13-14-481-015,0.0,"937 Leonard St NW, Grand Rapids, MI 49504, USA",premise,495044000000.0,H,Residential,D,AAN1,H#,1500,2.0,1,1,1,1,1,1
541,442,42.986966,-85.734415,41-13-16-452-003,0.0,"2701 Leonard St NW, Grand Rapids, MI 49504, USA",street_address,495044000000.0,H,Residential,D,AAN1,H#,1185,2.0,1,1,1,1,0,0
542,459,43.01901,-85.654935,41-14-06-402-002,0.0,"3104 Coit Ave NE, Grand Rapids, MI 49505, USA",premise,495053301992.0,H,Residential,D,AAN1,H#,1209,2.0,1,1,1,1,1,0
543,469,43.034983,-85.686424,41-09-36-301-038,0.0,"3909 Yorkland Dr NW, Comstock Park, MI 49321, USA",street_address,493218821994.0,H,Residential,D,AAN1,H#,1209,2.0,1,1,1,1,1,0
544,478,43.041186,-85.680355,41-09-36-126-017,0.0,"445 Chasseral Dr NW, Comstock Park, MI 49321, USA",street_address,493219022990.0,H,Residential,D,AAN1,H#,1209,10.0,1,1,1,1,1,0
545,481,43.048785,-85.692626,41-09-26-426-034,0.0,"4695 Aldun Ridge Ave NW, Comstock Park, MI 49321, USA",premise,493219060998.0,H,Residential,D,AAN1,H#,1099,10.0,1,1,1,0,0,0
546,486,43.067246,-85.612096,41-10-21-276-021,0.0,"5761 Jupiter Ave NE, Belmont, MI 49306, USA",establishment,493068859990.0,H,Residential,D,AAN1,H#,1006,10.0,1,0,0,0,0,0
